path,bytes,sha256,extension
"assets/vendor-media/sok/approved-product-images/SOK Product Images/SK12V100, SK12V314PH, SK24V150PH, SK24V100, SK48V100N/111/12V100H.jpg",248762,d40b62aaa0bce966712b23eeea174b77984a575cb1085d61a97a6a42daa5dccf,.jpg
"assets/vendor-media/sok/approved-product-images/SOK Product Images/SK12V100, SK12V314PH, SK24V150PH, SK24V100, SK48V100N/111/12V100P.jpg",300655,9807ebdea554f2283e5a080717c73b34fb54fc98dc9fc3f736cde1a46101b4c3,.jpg
"assets/vendor-media/sok/approved-product-images/SOK Product Images/SK12V100, SK12V314PH, SK24V150PH, SK24V100, SK48V100N/111/12V206H.jpg",258359,5059d3b3f6d2bd1e6ab432893b19f36535df55319aa75a218d322404d7fc88dd,.jpg
"assets/vendor-media/sok/approved-product-images/SOK Product Images/SK12V100, SK12V314PH, SK24V150PH, SK24V100, SK48V100N/111/12V206PH.jpg",311914,a039826a918dff2c50fcc0bd00b12d45fdd1a09e6d965894ff8473e0ad45a4a2,.jpg
"assets/vendor-media/sok/approved-product-images/SOK Product Images/SK12V100, SK12V314PH, SK24V150PH, SK24V100, SK48V100N/111/12V280H.jpg",167475,3e209ccdd5b33031d02bfad80e99a9c95186a62348a37b1e75c5579c1d22d9ed,.jpg
"assets/vendor-media/sok/approved-product-images/SOK Product Images/SK12V100, SK12V314PH, SK24V150PH, SK24V100, SK48V100N/111/12V314PH.jpg",365456,6a636a118700321e9cc14fb52fbd265f97d2e6f911c199b8e53d6a3742dccc79,.jpg
"assets/vendor-media/sok/approved-product-images/SOK Product Images/SK12V100, SK12V314PH, SK24V150PH, SK24V100, SK48V100N/111/241112-产品主图166x182--12V100AH(Marine-Grade).jpg",16426,b1af9901302332d359fd0e7347a7c7366ad80496460b864e442b274e7812df51,.jpg
"assets/vendor-media/sok/approved-product-images/SOK Product Images/SK12V100, SK12V314PH, SK24V150PH, SK24V100, SK48V100N/111/241112-产品主图166x182--12V100AH(Self-Heater).jpg",16263,593928f38895e3a1966bd0375eea00773ba9dc0fcb256a2c4db69bb9b3edd34e,.jpg
"assets/vendor-media/sok/approved-product-images/SOK Product Images/SK12V100, SK12V314PH, SK24V150PH, SK24V100, SK48V100N/111/241112-产品主图166x182--12V100AH.jpg",15196,9756faacaef715dffd0ac20499931dc06c1a9379ba8615958dd8cbfe6fde86d4,.jpg
"assets/vendor-media/sok/approved-product-images/SOK Product Images/SK12V100, SK12V314PH, SK24V150PH, SK24V100, SK48V100N/111/241112-产品主图166x182--12V206AH(Marine-Grade+Self-Heater).jpg",15670,29f19bc2551827e63fbe8e2c269542aa2f1f30f66137e381101a8df7055e5ca6,.jpg
"assets/vendor-media/sok/approved-product-images/SOK Product Images/SK12V100, SK12V314PH, SK24V150PH, SK24V100, SK48V100N/111/241112-产品主图166x182--12V206AH(Self-Heater).jpg",14695,9ff35bbca0a5b36df847c5a687164b7836436507980ed7bd5aa1186359db5d37,.jpg
"assets/vendor-media/sok/approved-product-images/SOK Product Images/SK12V100, SK12V314PH, SK24V150PH, SK24V100, SK48V100N/111/241112-产品主图166x182--12V206AH.jpg",14186,ec7918b14fc9e7160ead270f15d1c93761d482d33ed5b64b2c965e48c1f29e25,.jpg
"assets/vendor-media/sok/approved-product-images/SOK Product Images/SK12V100, SK12V314PH, SK24V150PH, SK24V100, SK48V100N/111/241112-产品主图166x182--12V280AH(Self-Heater).jpg",16278,cefc9b1e06ad6e675d8d9c480e7225a5e3af593681ec53ebfda55e682c34fe62,.jpg
"assets/vendor-media/sok/approved-product-images/SOK Product Images/SK12V100, SK12V314PH, SK24V150PH, SK24V100, SK48V100N/111/241112-产品主图166x182--12V280AH.jpg",17609,de1352a4ca46b0e55c043381ee7f211a8e3c27a7b663483c307180c5462525ba,.jpg
"assets/vendor-media/sok/approved-product-images/SOK Product Images/SK12V100, SK12V314PH, SK24V150PH, SK24V100, SK48V100N/111/24V100.jpg",216421,90b249404f1c40016a3e5af6f0864c10bab4100e7573370c4eb5ea5859da5506,.jpg
"assets/vendor-media/sok/approved-product-images/SOK Product Images/SK12V100, SK12V314PH, SK24V150PH, SK24V100, SK48V100N/111/24V150PH.jpg",367705,cc2700e390771da5baa98d693ccb19ff2378973cfee43e4962a98321c5c8da73,.jpg
"assets/vendor-media/sok/approved-product-images/SOK Product Images/SK12V100, SK12V314PH, SK24V150PH, SK24V100, SK48V100N/111/250217-SOK产品尺寸集合970x600-100.jpg",368482,dc67001124d074ef826e9bced02f38d591b32385dc50b779c3fd7de50f1a81ef,.jpg
"assets/vendor-media/sok/approved-product-images/SOK Product Images/SK12V100, SK12V314PH, SK24V150PH, SK24V100, SK48V100N/111/250217-SOK产品尺寸集合970x600-100PH.jpg",362634,f7b366315277e83a99c89d77f2c820a7fff6539a0920048edccd953e046402f7,.jpg
"assets/vendor-media/sok/approved-product-images/SOK Product Images/SK12V100, SK12V314PH, SK24V150PH, SK24V100, SK48V100N/111/250217-SOK产品尺寸集合970x600-206.jpg",361725,6856eaae6e1b0f2b268dc10928d5a78e23adf420a9b8bb4fb3f98efdb297f149,.jpg
"assets/vendor-media/sok/approved-product-images/SOK Product Images/SK12V100, SK12V314PH, SK24V150PH, SK24V100, SK48V100N/111/250217-SOK产品尺寸集合970x600-206P.jpg",356015,ae0ca1852447a56eb865343c97bd6565d8c09ba8d995580b4a0b1922fd582c26,.jpg
"assets/vendor-media/sok/approved-product-images/SOK Product Images/SK12V100, SK12V314PH, SK24V150PH, SK24V100, SK48V100N/111/250217-SOK产品尺寸集合970x600-280.jpg",354912,164712dc8e7de9ac5e58552ceed3f6718e3398a87d68692e7a5abf0031a529c3,.jpg
"assets/vendor-media/sok/approved-product-images/SOK Product Images/SK12V100, SK12V314PH, SK24V150PH, SK24V100, SK48V100N/111/250217-SOK产品尺寸集合970x600-314.jpg",149557,bd9dfb17ac42520f21fe68eba9c1734acaddfabad5aada969d080082325ec650,.jpg
"assets/vendor-media/sok/approved-product-images/SOK Product Images/SK12V100, SK12V314PH, SK24V150PH, SK24V100, SK48V100N/111/260428 12V-防水加热.jpg",1439636,da1d0534a099ed6b8ada1a90e4477d76fb66caf1c06c44bad49aca95606185cc,.jpg
"assets/vendor-media/sok/approved-product-images/SOK Product Images/SK12V100, SK12V314PH, SK24V150PH, SK24V100, SK48V100N/111/260428 12V.jpg",791592,37744cd2353954e14de5a1bebb2cda20cfa2b94358bbf26a5dd5e265c78db02a,.jpg
"assets/vendor-media/sok/approved-product-images/SOK Product Images/SK12V100, SK12V314PH, SK24V150PH, SK24V100, SK48V100N/111/260428 24V-防水加热.jpg",1433639,fdb1226aae67c0a80ef8ddba3654647c2818f23255dfe034f39ea79d3289fa02,.jpg
"assets/vendor-media/sok/approved-product-images/SOK Product Images/SK12V100, SK12V314PH, SK24V150PH, SK24V100, SK48V100N/111/260428 24V.jpg",801584,2bb09e144e48a1fcf408993a471ba9452b602b029ca08f06cb6c843538f797a2,.jpg
"assets/vendor-media/sok/approved-product-images/SOK Product Images/SK12V100, SK12V314PH, SK24V150PH, SK24V100, SK48V100N/111/260618-SOK亚马逊活动图片1.jpg",164232,9777cc4032314754d7c4de463554b43f49847846ddfe9d12d6c677a375e6d87d,.jpg
"assets/vendor-media/sok/approved-product-images/SOK Product Images/SK12V100, SK12V314PH, SK24V150PH, SK24V100, SK48V100N/111/260618-SOK亚马逊活动图片2.jpg",191651,64868d90be88e4135f76893fd44455bd44179c6b93b76af72be7c65516b9d14c,.jpg
"assets/vendor-media/sok/approved-product-images/SOK Product Images/SK12V100, SK12V314PH, SK24V150PH, SK24V100, SK48V100N/111/260618-SOK亚马逊活动图片3.jpg",218707,af912b53ace0d0c85aa49ce816a79f175423e7fc85b41abcc517550401cf5573,.jpg
"assets/vendor-media/sok/approved-product-images/SOK Product Images/SK12V100, SK12V314PH, SK24V150PH, SK24V100, SK48V100N/111/260622-品牌故事背景图PC端1464x625.jpg",366613,45979d6ef553a70dc207cc3b5172eb89eb3b2ffb55f93c627b174844cbe2c05e,.jpg
"assets/vendor-media/sok/approved-product-images/SOK Product Images/SK12V100, SK12V314PH, SK24V150PH, SK24V100, SK48V100N/111/jpg/100%-Green-Energy/SK12V100H.jpg",1206331,24b13b9fe9d6f638cc579dadf910dcd17da6e9ccaea9c573f3b22ed1b95f467f,.jpg
"assets/vendor-media/sok/approved-product-images/SOK Product Images/SK12V100, SK12V314PH, SK24V150PH, SK24V100, SK48V100N/111/jpg/100%-Green-Energy/SK12V100P.jpg",1201879,c4db08a2933f0c965daabac7baa0c525be171dd6844f910aa2e1dd05e205c251,.jpg
"assets/vendor-media/sok/approved-product-images/SOK Product Images/SK12V100, SK12V314PH, SK24V150PH, SK24V100, SK48V100N/111/jpg/100%-Green-Energy/SK12V206H.jpg",1192057,57932edfb0d1d9e4adb4b4292997dbb927a14d0e2e83739c7c039d3b546a15fb,.jpg
"assets/vendor-media/sok/approved-product-images/SOK Product Images/SK12V100, SK12V314PH, SK24V150PH, SK24V100, SK48V100N/111/jpg/100%-Green-Energy/SK12V206PH.jpg",1213377,ac9a228b128433aa16b5b78c60c7672ae3442f1cda96b89011bb9935073ad70d,.jpg
"assets/vendor-media/sok/approved-product-images/SOK Product Images/SK12V100, SK12V314PH, SK24V150PH, SK24V100, SK48V100N/111/jpg/100%-Green-Energy/SK12V280H.jpg",1210248,b149b7ed612603c856a0cfbb0002e34263bcf9ebbba858774f91ac10fdb4e23d,.jpg
"assets/vendor-media/sok/approved-product-images/SOK Product Images/SK12V100, SK12V314PH, SK24V150PH, SK24V100, SK48V100N/111/jpg/100%-Green-Energy/SK12V314PH.jpg",1243543,9820b4ef156f7a0981016ac767983d31ae531acc4129198193600a1c2235266d,.jpg
"assets/vendor-media/sok/approved-product-images/SOK Product Images/SK12V100, SK12V314PH, SK24V150PH, SK24V100, SK48V100N/111/jpg/100%-Green-Energy/SK24V100H.jpg",1324268,186576242560591d09000b13f6c904baa4dc825941eec835064ada69c08a7266,.jpg
"assets/vendor-media/sok/approved-product-images/SOK Product Images/SK12V100, SK12V314PH, SK24V150PH, SK24V100, SK48V100N/111/jpg/250407-LiFePO4-battery-cell.jpg",379644,50145f194c4f9020a0c426eea2239187ea5fdcd08e0e4a3638721cbccd407ec5,.jpg
"assets/vendor-media/sok/approved-product-images/SOK Product Images/SK12V100, SK12V314PH, SK24V150PH, SK24V100, SK48V100N/111/jpg/250407-cycles.jpg",556207,4201aba396678ab9e3afdee824435129c7c1a00d0b64a7a4407859a57c41ffb1,.jpg
"assets/vendor-media/sok/approved-product-images/SOK Product Images/SK12V100, SK12V314PH, SK24V150PH, SK24V100, SK48V100N/111/jpg/Battery-Mounting-Direction/SK12V100H.jpg",793141,1df0b8b1dec07f1aa84e998cdca55ca25bc5bb9367b3b9f91b3ea2f7ecc8b6d7,.jpg
"assets/vendor-media/sok/approved-product-images/SOK Product Images/SK12V100, SK12V314PH, SK24V150PH, SK24V100, SK48V100N/111/jpg/Battery-Mounting-Direction/SK12V100P.jpg",911676,b0c3843919e9ba0c533591658d17ad1864784a813a6f32381e65ecb5b9a597c1,.jpg
"assets/vendor-media/sok/approved-product-images/SOK Product Images/SK12V100, SK12V314PH, SK24V150PH, SK24V100, SK48V100N/111/jpg/Battery-Mounting-Direction/SK12V206H.jpg",889418,41fcc8bbad3bbdfb32edcfc1e53a81e1f076a1eb5d890e868880fb24e13a206f,.jpg
"assets/vendor-media/sok/approved-product-images/SOK Product Images/SK12V100, SK12V314PH, SK24V150PH, SK24V100, SK48V100N/111/jpg/Battery-Mounting-Direction/SK12V206PH.jpg",815524,cf0b1371074432ba31b0a68da5080f1787e209bade28bfef2d40d297845c3558,.jpg
"assets/vendor-media/sok/approved-product-images/SOK Product Images/SK12V100, SK12V314PH, SK24V150PH, SK24V100, SK48V100N/111/jpg/Battery-Mounting-Direction/SK12V280H.jpg",935982,c929401c9734c7cad1d5a05ab522f47c387450cc9486be486a4d8ad018f756c4,.jpg
"assets/vendor-media/sok/approved-product-images/SOK Product Images/SK12V100, SK12V314PH, SK24V150PH, SK24V100, SK48V100N/111/jpg/Battery-Mounting-Direction/SK12V314PH.jpg",988606,2ec28215a5054b8d861cb926c70dbb719cad9067463824a46c08774d861f52b2,.jpg
"assets/vendor-media/sok/approved-product-images/SOK Product Images/SK12V100, SK12V314PH, SK24V150PH, SK24V100, SK48V100N/111/jpg/Battery-Mounting-Direction/SK24V100.jpg",874870,0f40b7e2994d90ff0ebea1eedb5aa64d881dd77da018fb2fc366100b57d31f18,.jpg
"assets/vendor-media/sok/approved-product-images/SOK Product Images/SK12V100, SK12V314PH, SK24V150PH, SK24V100, SK48V100N/111/jpg/Feature/SK12V100H.jpg",507823,4f82c8406fb775bf4c5d4c824b6d7a7850ffbeb17100ee2e32f67f03a2ea8c2b,.jpg
"assets/vendor-media/sok/approved-product-images/SOK Product Images/SK12V100, SK12V314PH, SK24V150PH, SK24V100, SK48V100N/111/jpg/Feature/SK12V100P.jpg",508645,5ee308ba5314b5bd1c5cbaff3461a00d64eaa142b986b0cece6296dfb4b42320,.jpg
"assets/vendor-media/sok/approved-product-images/SOK Product Images/SK12V100, SK12V314PH, SK24V150PH, SK24V100, SK48V100N/111/jpg/Feature/SK12V206H.jpg",495423,b3ea192a3cb0afb2d75810f7cef51e74ba58c4d27510dd3d7832a885801724ba,.jpg
"assets/vendor-media/sok/approved-product-images/SOK Product Images/SK12V100, SK12V314PH, SK24V150PH, SK24V100, SK48V100N/111/jpg/Feature/SK12V206PH.jpg",489232,a4cefb25fd418b8553e04f8d94048d579b7e34571b9810997bc75694acfeff32,.jpg
"assets/vendor-media/sok/approved-product-images/SOK Product Images/SK12V100, SK12V314PH, SK24V150PH, SK24V100, SK48V100N/111/jpg/Feature/SK12V280H.jpg",503014,b1b1e8a58ad765d26a5e7b3e72c71e0e4deabeecd7b0d958150d29a4c5c890c8,.jpg
"assets/vendor-media/sok/approved-product-images/SOK Product Images/SK12V100, SK12V314PH, SK24V150PH, SK24V100, SK48V100N/111/jpg/Feature/SK12V314PH.jpg",606879,a3e5e643a3172f0ca5893434842494e8168d47ef626dea3993d3a273f8c86c22,.jpg
"assets/vendor-media/sok/approved-product-images/SOK Product Images/SK12V100, SK12V314PH, SK24V150PH, SK24V100, SK48V100N/111/jpg/Feature/SK24V100.jpg",480931,f5da64630dfd8d8f2616959b48f8539db35a19ce767ef52cfac2cc28783c1f56,.jpg
"assets/vendor-media/sok/approved-product-images/SOK Product Images/SK12V100, SK12V314PH, SK24V150PH, SK24V100, SK48V100N/111/jpg/Series-Parallel-Tips/SK12V100H.jpg",953469,d8a1c2c993dfba28f157b35557d487fabbbbf5591d818e6afd5509eaea809f2e,.jpg
"assets/vendor-media/sok/approved-product-images/SOK Product Images/SK12V100, SK12V314PH, SK24V150PH, SK24V100, SK48V100N/111/jpg/Series-Parallel-Tips/SK12V100P.jpg",912324,b7a8f32219fe3a2a06312ad2171a9dff151d3641d342d559b4b11529aac67a1d,.jpg
"assets/vendor-media/sok/approved-product-images/SOK Product Images/SK12V100, SK12V314PH, SK24V150PH, SK24V100, SK48V100N/111/jpg/Series-Parallel-Tips/SK12V206H.jpg",854439,4d90a36dc92980043cfd46dad1d10cc12fb5ecaf3f434890761158853f88d873,.jpg
"assets/vendor-media/sok/approved-product-images/SOK Product Images/SK12V100, SK12V314PH, SK24V150PH, SK24V100, SK48V100N/111/jpg/Series-Parallel-Tips/SK12V206PH.jpg",795411,05f25f14aef11a38d8a01df59c6771abb4270c55403a19d665f98ffe1ee06a57,.jpg
"assets/vendor-media/sok/approved-product-images/SOK Product Images/SK12V100, SK12V314PH, SK24V150PH, SK24V100, SK48V100N/111/jpg/Series-Parallel-Tips/SK12V280H.jpg",1036898,e36608f45dac4a4f71ce693a6bc6219ec63b6f7dacfbe8c92dfc0606a514126e,.jpg
"assets/vendor-media/sok/approved-product-images/SOK Product Images/SK12V100, SK12V314PH, SK24V150PH, SK24V100, SK48V100N/111/jpg/Series-Parallel-Tips/SK12V314PH.jpg",876804,5f715db728ab919335ad710f8a76d14596f5cf53d8bf565d69039466e3a457e7,.jpg
"assets/vendor-media/sok/approved-product-images/SOK Product Images/SK12V100, SK12V314PH, SK24V150PH, SK24V100, SK48V100N/111/jpg/Series-Parallel-Tips/SK24V100.jpg",890795,58d420329be259f0d64d9fc466c4039179c07099e6dfd55f97d58f16282c4c1a,.jpg
"assets/vendor-media/sok/approved-product-images/SOK Product Images/SK12V100, SK12V314PH, SK24V150PH, SK24V100, SK48V100N/111/jpg/jpg/12V100H.jpg",257706,3cc9a79f8192ae7668f6464d03a204c9712ecb1c8ffa744e7b2c443c0e0266bb,.jpg
"assets/vendor-media/sok/approved-product-images/SOK Product Images/SK12V100, SK12V314PH, SK24V150PH, SK24V100, SK48V100N/111/jpg/jpg/12V100P.jpg",300655,9807ebdea554f2283e5a080717c73b34fb54fc98dc9fc3f736cde1a46101b4c3,.jpg
"assets/vendor-media/sok/approved-product-images/SOK Product Images/SK12V100, SK12V314PH, SK24V150PH, SK24V100, SK48V100N/111/jpg/jpg/12V206H.jpg",266841,102b85f4ec9f52db183e98481a41b7912ff9f7e776573033284642b130adf32b,.jpg
"assets/vendor-media/sok/approved-product-images/SOK Product Images/SK12V100, SK12V314PH, SK24V150PH, SK24V100, SK48V100N/111/jpg/jpg/12V206PH.jpg",324204,49e5005f5735f232f99f27e2c8a9015cd82a653c7a61007e601631716c263d4c,.jpg
"assets/vendor-media/sok/approved-product-images/SOK Product Images/SK12V100, SK12V314PH, SK24V150PH, SK24V100, SK48V100N/111/jpg/jpg/12V280H.jpg",178243,6d995f1e9b8e1bcdfb705ba4eef0edda55c6890acfe2238c6243c38fa81f811e,.jpg
"assets/vendor-media/sok/approved-product-images/SOK Product Images/SK12V100, SK12V314PH, SK24V150PH, SK24V100, SK48V100N/111/jpg/jpg/12V314PH.jpg",1376815,1a0c10d85398f19368f3c6dea0dd3eed36e0bb8efae9734721cb374ef68eaae5,.jpg
"assets/vendor-media/sok/approved-product-images/SOK Product Images/SK12V100, SK12V314PH, SK24V150PH, SK24V100, SK48V100N/111/jpg/jpg/24V100.jpg",216421,90b249404f1c40016a3e5af6f0864c10bab4100e7573370c4eb5ea5859da5506,.jpg
"assets/vendor-media/sok/approved-product-images/SOK Product Images/SK12V100, SK12V314PH, SK24V150PH, SK24V100, SK48V100N/111/jpg/jpg/24V150PH.jpg",1387960,61ff9b2c72d861306aaa411383dad0e7753c609a1b2e493260a8c1bb21925caa,.jpg
"assets/vendor-media/sok/approved-product-images/SOK Product Images/SK12V100, SK12V314PH, SK24V150PH, SK24V100, SK48V100N/111/jpg/max16P4S/SK12V100H.jpg",217018,4ef9e7400bf903d9107e9e305a1af1a78c7a166ab77be8eccdfedcba44846f3c,.jpg
"assets/vendor-media/sok/approved-product-images/SOK Product Images/SK12V100, SK12V314PH, SK24V150PH, SK24V100, SK48V100N/111/jpg/max16P4S/SK12V100P.jpg",212767,17ed09e9ba7d915ec7d4b05be075e5331b6c4b90c564bb0ac68a9e2bba63b599,.jpg
"assets/vendor-media/sok/approved-product-images/SOK Product Images/SK12V100, SK12V314PH, SK24V150PH, SK24V100, SK48V100N/111/jpg/max16P4S/SK12V206H.jpg",215800,0eec05bf62c10069b1a8f7ff1125923dffa65f8a647a8ce10d738b260d72d8f1,.jpg
"assets/vendor-media/sok/approved-product-images/SOK Product Images/SK12V100, SK12V314PH, SK24V150PH, SK24V100, SK48V100N/111/jpg/max16P4S/SK12V206PH.jpg",200721,b8525bee1d7c59a79d35c56254eda4829fdf79869a96bede699f426025c7eb35,.jpg
"assets/vendor-media/sok/approved-product-images/SOK Product Images/SK12V100, SK12V314PH, SK24V150PH, SK24V100, SK48V100N/111/jpg/max16P4S/SK12V280H.jpg",227739,18177082770fd9fb7aed8500804d5f641efc24eb4efe21945f2ef95a64be688d,.jpg
"assets/vendor-media/sok/approved-product-images/SOK Product Images/SK12V100, SK12V314PH, SK24V150PH, SK24V100, SK48V100N/111/jpg/max16P4S/SK24V100.jpg",182534,4029f6b837ee22fc9735c30841ad3fbf4005067b93046e852e052a499516ec8c,.jpg
"assets/vendor-media/sok/approved-product-images/SOK Product Images/SK12V100, SK12V314PH, SK24V150PH, SK24V100, SK48V100N/111/jpg/连接图/SK12V100H-1.jpg",282017,a530412169665add2737592b50d39132ef94650d35b6108c6c7043ee2fd02218,.jpg
"assets/vendor-media/sok/approved-product-images/SOK Product Images/SK12V100, SK12V314PH, SK24V150PH, SK24V100, SK48V100N/111/jpg/连接图/SK12V100H-2.jpg",294136,ce8eb23c1d88612c8a43d2f63bac14a4c765a0d1891a6082a8860ecc4b0987c5,.jpg
"assets/vendor-media/sok/approved-product-images/SOK Product Images/SK12V100, SK12V314PH, SK24V150PH, SK24V100, SK48V100N/111/jpg/连接图/SK12V100H.jpg",546946,c30fd1996531df4f631c9d88060f0a95ab6f4c8d58cab359edf3886329b64c9e,.jpg
"assets/vendor-media/sok/approved-product-images/SOK Product Images/SK12V100, SK12V314PH, SK24V150PH, SK24V100, SK48V100N/111/jpg/连接图/SK12V100P-1.jpg",282017,f9fda5d7d2a1ee63ac6b31594aea2ad17bbb0d5c4f600f9f00bcc8143e908479,.jpg
"assets/vendor-media/sok/approved-product-images/SOK Product Images/SK12V100, SK12V314PH, SK24V150PH, SK24V100, SK48V100N/111/jpg/连接图/SK12V100P-2.jpg",289352,d7c19ed72b6fefecb9d507d62a7496bceeb5916b3cbddddbcef6ee1ee18325f4,.jpg
"assets/vendor-media/sok/approved-product-images/SOK Product Images/SK12V100, SK12V314PH, SK24V150PH, SK24V100, SK48V100N/111/jpg/连接图/SK12V100P.jpg",542168,33b4222c22e4e9bd3965afe469bbf4d4382bbfa097818c064081dd1e61259951,.jpg
"assets/vendor-media/sok/approved-product-images/SOK Product Images/SK12V100, SK12V314PH, SK24V150PH, SK24V100, SK48V100N/111/jpg/连接图/SK12V206H-1.jpg",282017,c3546b278365a4c0d6b7cef63ccc66be303585e7f7d9e7205ee089edf553feda,.jpg
"assets/vendor-media/sok/approved-product-images/SOK Product Images/SK12V100, SK12V314PH, SK24V150PH, SK24V100, SK48V100N/111/jpg/连接图/SK12V206H-2.jpg",287384,8558c963d07321ab31a2c01f525947ba6d3668a4c9fc0d9a834b7d7448061311,.jpg
"assets/vendor-media/sok/approved-product-images/SOK Product Images/SK12V100, SK12V314PH, SK24V150PH, SK24V100, SK48V100N/111/jpg/连接图/SK12V206H.jpg",540196,ccd404029b7e6cb08611b1832be87da86cd32ad22cb88c8e7bf509bd6507bfe9,.jpg
"assets/vendor-media/sok/approved-product-images/SOK Product Images/SK12V100, SK12V314PH, SK24V150PH, SK24V100, SK48V100N/111/jpg/连接图/SK12V206PH-1.jpg",282017,37c73f384905d96d0ac4cc48f3f9359fa82a44cbf4c5c06af5cbca77e2aeca82,.jpg
"assets/vendor-media/sok/approved-product-images/SOK Product Images/SK12V100, SK12V314PH, SK24V150PH, SK24V100, SK48V100N/111/jpg/连接图/SK12V206PH-2.jpg",288940,5c1e3a761bbb438b3ee179ddcfdbce8116c96731f37e207c4f6868aa201160a4,.jpg
"assets/vendor-media/sok/approved-product-images/SOK Product Images/SK12V100, SK12V314PH, SK24V150PH, SK24V100, SK48V100N/111/jpg/连接图/SK12V206PH.jpg",541810,d2357cfca06e978f877024d8f610a0ba6b9febdcd7f24c9e01b7357a3d6a468c,.jpg
"assets/vendor-media/sok/approved-product-images/SOK Product Images/SK12V100, SK12V314PH, SK24V150PH, SK24V100, SK48V100N/111/jpg/连接图/SK12V280H-1.jpg",282136,b75191990143e22a4909476e2286a62173cbf190cfdf145b1b02ac1a7295ef1f,.jpg
"assets/vendor-media/sok/approved-product-images/SOK Product Images/SK12V100, SK12V314PH, SK24V150PH, SK24V100, SK48V100N/111/jpg/连接图/SK12V280H-2.jpg",294866,24c3a3acb35748e372f14df244edff724121ce3c7f65c82b8e965736daa0546f,.jpg
"assets/vendor-media/sok/approved-product-images/SOK Product Images/SK12V100, SK12V314PH, SK24V150PH, SK24V100, SK48V100N/111/jpg/连接图/SK12V280H.jpg",547454,e351956f2c814975fb2a9f548e9bc95ce230ed3516d39c6f407f6a50d99b1e0c,.jpg
"assets/vendor-media/sok/approved-product-images/SOK Product Images/SK12V100, SK12V314PH, SK24V150PH, SK24V100, SK48V100N/111/jpg/连接图/SK12V314PH-1.jpg",307694,840c985170a4cef7c29436b93d80be838834a182f8525f76d41237084a81daa3,.jpg
"assets/vendor-media/sok/approved-product-images/SOK Product Images/SK12V100, SK12V314PH, SK24V150PH, SK24V100, SK48V100N/111/jpg/连接图/SK12V314PH-2.jpg",330859,be50c20cc6d7842e9ce671f413657bb71bd1db08904d87a3c619aa8607d4199d,.jpg
"assets/vendor-media/sok/approved-product-images/SOK Product Images/SK12V100, SK12V314PH, SK24V150PH, SK24V100, SK48V100N/111/jpg/连接图/SK12V314PH.jpg",608780,fefb86f4cab2f2c9d60baff5cac0b3df303c13f4703366bb302d306f70c4bbcb,.jpg
"assets/vendor-media/sok/approved-product-images/SOK Product Images/SK12V100, SK12V314PH, SK24V150PH, SK24V100, SK48V100N/111/jpg/连接图/SK24V100-1.jpg",283887,c0be7da5b035a3cc592f7c1c1bdf18861fba36e3ca701c34caade077f160c846,.jpg
"assets/vendor-media/sok/approved-product-images/SOK Product Images/SK12V100, SK12V314PH, SK24V150PH, SK24V100, SK48V100N/111/jpg/连接图/SK24V100-2.jpg",287922,8aa31b385a671f0d5c49f7e4040d0231ff8bda11d1326ce89d463d0020651a2a,.jpg
"assets/vendor-media/sok/approved-product-images/SOK Product Images/SK12V100, SK12V314PH, SK24V150PH, SK24V100, SK48V100N/111/jpg/连接图/SK24V100.jpg",542316,ff657f5b7b9645e64d06d775cdb52692683a22c4c2d03863e9202a52c60410f0,.jpg
"assets/vendor-media/sok/approved-product-images/SOK Product Images/SK12V100, SK12V314PH, SK24V150PH, SK24V100, SK48V100N/111/连接图/1464x600/SK12V206PH.jpg",316948,c9b01c00e92943615e91442b2436a90738ddbce141ec8d648bed7a0fc7c107b2,.jpg
"assets/vendor-media/sok/approved-product-images/SOK Product Images/SK12V100, SK12V314PH, SK24V150PH, SK24V100, SK48V100N/111/连接图/1464x600/SK12V280H.jpg",321172,ab6af1e0bd97a4a85c966198142453ba1d2adb2e5959f3991cf74324de5def0e,.jpg
"assets/vendor-media/sok/approved-product-images/SOK Product Images/SK12V100, SK12V314PH, SK24V150PH, SK24V100, SK48V100N/111/连接图/1464x600/SK24V100.jpg",296783,4a305ee496647dbb453c5d7748f0b6e7c4163fa346c42cd18a634906cc60631b,.jpg
"assets/vendor-media/sok/approved-product-images/SOK Product Images/SK12V100, SK12V314PH, SK24V150PH, SK24V100, SK48V100N/SK12V100/JPG/240704 主图1600x1600/240704-主图1600x1600-加热.jpg",1880987,6ab339782362d9650e0f569656780c6d8436d503bb67638abc3d3328c02aa4f6,.jpg
"assets/vendor-media/sok/approved-product-images/SOK Product Images/SK12V100, SK12V314PH, SK24V150PH, SK24V100, SK48V100N/SK12V100/JPG/240704 主图1600x1600/240704-主图1600x1600-实装.jpg",1754267,fb3fed1e61f32b421016765b937711bb5719dbd36b1274944eca957332ccb179,.jpg
"assets/vendor-media/sok/approved-product-images/SOK Product Images/SK12V100, SK12V314PH, SK24V150PH, SK24V100, SK48V100N/SK12V100/JPG/240704 主图1600x1600/240704-主图1600x1600-对比.jpg",975051,920e365c53c311a28f21830afb446b6d22bb1a1f329c405f7763cbc685e071ff,.jpg
"assets/vendor-media/sok/approved-product-images/SOK Product Images/SK12V100, SK12V314PH, SK24V150PH, SK24V100, SK48V100N/SK12V100/JPG/240704 主图1600x1600/240704-主图1600x1600-尺寸.jpg",771764,b864cd31b8bbc7db9fbe371ceb7550ec733c2f7bdb0c561f0dc56a02ea9d5ce9,.jpg
"assets/vendor-media/sok/approved-product-images/SOK Product Images/SK12V100, SK12V314PH, SK24V150PH, SK24V100, SK48V100N/SK12V100/JPG/240704 主图1600x1600/240704-主图1600x1600-拆卸.jpg",979542,67f595c60adb3d2cf30056bf5e5f9a5aff6a1531a6ae99d928faa9398999d2d3,.jpg
"assets/vendor-media/sok/approved-product-images/SOK Product Images/SK12V100, SK12V314PH, SK24V150PH, SK24V100, SK48V100N/SK12V100/JPG/240704 主图1600x1600/240704-主图1600x1600-蓝牙.jpg",1632748,f75b6f221d33b38ac26ff78beab327279502bb80448def4bda0992fc951ab814,.jpg
"assets/vendor-media/sok/approved-product-images/SOK Product Images/SK12V100, SK12V314PH, SK24V150PH, SK24V100, SK48V100N/SK12V100/JPG/240717 亚马逊A+ 970x600/240717-亚马逊A+-970x600-BMS.png",962366,15686d0752bafab00c0521d15a423daa034aed7d190755448b069ce9a56ebd48,.png
"assets/vendor-media/sok/approved-product-images/SOK Product Images/SK12V100, SK12V314PH, SK24V150PH, SK24V100, SK48V100N/SK12V100/JPG/240717 亚马逊A+ 970x600/240717-亚马逊A+-970x600-串并联.png",766060,4f8429997d5ea61af1186708f082bd7351ff4434b0c977c927a6d6d10a6c139f,.png
"assets/vendor-media/sok/approved-product-images/SOK Product Images/SK12V100, SK12V314PH, SK24V150PH, SK24V100, SK48V100N/SK12V100/JPG/240717 亚马逊A+ 970x600/240717-亚马逊A+-970x600-加热.png",900285,9d797fbd81bea1c11a4f87457d8e9c022b476399bc2dd2072ec70007962e9356,.png
"assets/vendor-media/sok/approved-product-images/SOK Product Images/SK12V100, SK12V314PH, SK24V150PH, SK24V100, SK48V100N/SK12V100/JPG/240717 亚马逊A+ 970x600/240717-亚马逊A+-970x600-场景.png",1014032,83f7b50379d4241b7e1eb4c03d23ecc0528f1c17eed1f62cb30ae0b664b2cc4d,.png
"assets/vendor-media/sok/approved-product-images/SOK Product Images/SK12V100, SK12V314PH, SK24V150PH, SK24V100, SK48V100N/SK12V100/JPG/240717 亚马逊A+ 970x600/240717-亚马逊A+-970x600-蓝牙.png",734868,d9e6a5db4162807daf0894dc97f61fbe18363c0712e4fc0ea6f79313e91c68fa,.png
"assets/vendor-media/sok/approved-product-images/SOK Product Images/SK12V100, SK12V314PH, SK24V150PH, SK24V100, SK48V100N/SK12V100/JPG/240913 100PH亚马逊1600x1600/240913-100PH亚马逊1600x1600-BMS.jpg",1209158,f8f52bc2a91f748de0cf7d8840dc4688ad7136a2516441b8df74d2cd164a3f1f,.jpg
"assets/vendor-media/sok/approved-product-images/SOK Product Images/SK12V100, SK12V314PH, SK24V150PH, SK24V100, SK48V100N/SK12V100/JPG/240913 100PH亚马逊1600x1600/240913-100PH亚马逊1600x1600-主图.jpg",535141,f4248fb07e49405466966c1e66bf195119e4ef19af8fdb3ba6762b3778540c03,.jpg
"assets/vendor-media/sok/approved-product-images/SOK Product Images/SK12V100, SK12V314PH, SK24V150PH, SK24V100, SK48V100N/SK12V100/JPG/240913 100PH亚马逊1600x1600/240913-100PH亚马逊1600x1600-加热.jpg",1402791,1fa76ff546a0f7e23ee511cd75866b72e372189b044d31daf3e00ff73a360161,.jpg
"assets/vendor-media/sok/approved-product-images/SOK Product Images/SK12V100, SK12V314PH, SK24V150PH, SK24V100, SK48V100N/SK12V100/JPG/240913 100PH亚马逊1600x1600/240913-100PH亚马逊1600x1600-对比.jpg",1811111,aab91beee7326b283aac1d368318b38c52d7f70b4928fd13d67aec600e9c1306,.jpg
"assets/vendor-media/sok/approved-product-images/SOK Product Images/SK12V100, SK12V314PH, SK24V150PH, SK24V100, SK48V100N/SK12V100/JPG/240913 100PH亚马逊1600x1600/240913-100PH亚马逊1600x1600-尺寸.jpg",1597026,6259753e7195afa8a4b32b74ec001106cc51cc6341c278df3a0e77b331c1177d,.jpg
"assets/vendor-media/sok/approved-product-images/SOK Product Images/SK12V100, SK12V314PH, SK24V150PH, SK24V100, SK48V100N/SK12V100/JPG/240913 100PH亚马逊1600x1600/240913-100PH亚马逊1600x1600-蓝牙.jpg",969041,b46f5b62732c7b39ef9ea8d679d16dc86463666b66dd1913174d27a1ad82c144,.jpg
"assets/vendor-media/sok/approved-product-images/SOK Product Images/SK12V100, SK12V314PH, SK24V150PH, SK24V100, SK48V100N/SK12V100/JPG/240913 100PH亚马逊1600x1600/240913-100PH亚马逊1600x1600-防水.jpg",1610602,74707085cca2694ded0a59cb04ea58992e7fb49c62321e8c4b6f0ea3f8b591d5,.jpg
"assets/vendor-media/sok/approved-product-images/SOK Product Images/SK12V100, SK12V314PH, SK24V150PH, SK24V100, SK48V100N/SK12V100/JPG/240913 亚马逊1600x1600/240913-亚马逊1600x1600-BMS.jpg",1123034,ce3eac55802bcd4789cd4e5e726ffbf95f7358bd56a606786e373ec15c0fd5c8,.jpg
"assets/vendor-media/sok/approved-product-images/SOK Product Images/SK12V100, SK12V314PH, SK24V150PH, SK24V100, SK48V100N/SK12V100/JPG/240913 亚马逊1600x1600/240913-亚马逊1600x1600-主图.jpg",606537,34956d0508f08898caaa50f635ea5a0c620f7dbd78d1bcfe28e6fb3c9d744564,.jpg
"assets/vendor-media/sok/approved-product-images/SOK Product Images/SK12V100, SK12V314PH, SK24V150PH, SK24V100, SK48V100N/SK12V100/JPG/240913 亚马逊1600x1600/240913-亚马逊1600x1600-加热.jpg",1413415,8eeca9e121041b90097564074ca0c71f0f9f38a92d7f033a08719e5722f35eb1,.jpg
"assets/vendor-media/sok/approved-product-images/SOK Product Images/SK12V100, SK12V314PH, SK24V150PH, SK24V100, SK48V100N/SK12V100/JPG/240913 亚马逊1600x1600/240913-亚马逊1600x1600-场景.jpg",2081334,79ced652e2859695c543566891c0b9a97792715b3d175187b3e7b84f10635bc1,.jpg
"assets/vendor-media/sok/approved-product-images/SOK Product Images/SK12V100, SK12V314PH, SK24V150PH, SK24V100, SK48V100N/SK12V100/JPG/240913 亚马逊1600x1600/240913-亚马逊1600x1600-对比.jpg",1842043,5eb035e63cea12b740799eae4d378d7797fac24919b42b5ea2a3b19f80de7b00,.jpg
"assets/vendor-media/sok/approved-product-images/SOK Product Images/SK12V100, SK12V314PH, SK24V150PH, SK24V100, SK48V100N/SK12V100/JPG/240913 亚马逊1600x1600/240913-亚马逊1600x1600-尺寸.jpg",1696773,0c9b03febe8da25739dacf489b1d7c0b03b0aec2e4760c6c258e4b842e6f5dd0,.jpg
"assets/vendor-media/sok/approved-product-images/SOK Product Images/SK12V100, SK12V314PH, SK24V150PH, SK24V100, SK48V100N/SK12V100/JPG/240913 亚马逊1600x1600/240913-亚马逊1600x1600-蓝牙.jpg",1913621,e53066eb2336b5341dd27d9ab7da1119bc6d450417caade6df52f822652320f8,.jpg
"assets/vendor-media/sok/approved-product-images/SOK Product Images/SK12V100, SK12V314PH, SK24V150PH, SK24V100, SK48V100N/SK12V100/JPG/240918-亚马逊A+-970x600/240918-亚马逊A+-970x600-BMS.jpg",314832,481cad70570ef3ea49499f1aee77aad932219deabd2ba4de072f0bfe1b924804,.jpg
"assets/vendor-media/sok/approved-product-images/SOK Product Images/SK12V100, SK12V314PH, SK24V150PH, SK24V100, SK48V100N/SK12V100/JPG/240918-亚马逊A+-970x600/240918-亚马逊A+-970x600-串并联.jpg",521817,9c31bc1734513a524c80c651e48b766f0e49624106b7341b91487964d1cee3a8,.jpg
"assets/vendor-media/sok/approved-product-images/SOK Product Images/SK12V100, SK12V314PH, SK24V150PH, SK24V100, SK48V100N/SK12V100/JPG/240918-亚马逊A+-970x600/240918-亚马逊A+-970x600-加热.jpg",353773,f2db07428bdf3d53e8fd7addb06cf73300c41e877108d9843145e710612067d4,.jpg
"assets/vendor-media/sok/approved-product-images/SOK Product Images/SK12V100, SK12V314PH, SK24V150PH, SK24V100, SK48V100N/SK12V100/JPG/240918-亚马逊A+-970x600/240918-亚马逊A+-970x600-场景.jpg",405523,0351be0d24296ac825e2f153e4b7444b24cefc83d94e47f28d5cdbe99674c2f4,.jpg
"assets/vendor-media/sok/approved-product-images/SOK Product Images/SK12V100, SK12V314PH, SK24V150PH, SK24V100, SK48V100N/SK12V100/JPG/240918-亚马逊A+-970x600/240918-亚马逊A+-970x600-蓝牙.jpg",587448,543421e9f194795df11cf6004185ae386e8d5425ea523978bc54ecc304f999af,.jpg
"assets/vendor-media/sok/approved-product-images/SOK Product Images/SK12V100, SK12V314PH, SK24V150PH, SK24V100, SK48V100N/SK12V100/JPG/240920-100P亚马逊A+-970x600/240920-100PH亚马逊A+-970x600-BMS.jpg",522942,d82ccb690766c64ebbf296b35ba8ebf6514f10130f484d62780262f2965d2008,.jpg
"assets/vendor-media/sok/approved-product-images/SOK Product Images/SK12V100, SK12V314PH, SK24V150PH, SK24V100, SK48V100N/SK12V100/JPG/240920-100P亚马逊A+-970x600/240920-100PH亚马逊A+-970x600-加热.jpg",375197,d5df763b95f0996766e0599a6da3ddfdddee81985d060b159e7405b4af4533fd,.jpg
"assets/vendor-media/sok/approved-product-images/SOK Product Images/SK12V100, SK12V314PH, SK24V150PH, SK24V100, SK48V100N/SK12V100/JPG/240920-100P亚马逊A+-970x600/240920-100PH亚马逊A+-970x600-场景.jpg",433061,04bd53cf09f512a829a3ecbb79b86ca8be460094fe7636af90489b4e9f978c50,.jpg
"assets/vendor-media/sok/approved-product-images/SOK Product Images/SK12V100, SK12V314PH, SK24V150PH, SK24V100, SK48V100N/SK12V100/JPG/240920-100P亚马逊A+-970x600/240920-100PH亚马逊A+-970x600-蓝牙.jpg",356375,8a0d88bfb90c1aca47271c35ea9d81c2eed45496ebc2c4d68f00e686906c93c6,.jpg
"assets/vendor-media/sok/approved-product-images/SOK Product Images/SK12V100, SK12V314PH, SK24V150PH, SK24V100, SK48V100N/SK12V100/JPG/240920-100P亚马逊A+-970x600/240920-100PH亚马逊A+-970x600-防水.jpg",448978,8d37637976b31d1c6adb6bdd8409f815e10ccc9b932424d0c656300db7eeacf8,.jpg
"assets/vendor-media/sok/approved-product-images/SOK Product Images/SK12V100, SK12V314PH, SK24V150PH, SK24V100, SK48V100N/SK12V100/JPG/250512 100H亚马逊1600x1600/1-优势卖点展示.jpg",1250309,ae48fc1342cb5e418314689486dc28a8f36bf83d8814a91a0509e1280898dc2e,.jpg
"assets/vendor-media/sok/approved-product-images/SOK Product Images/SK12V100, SK12V314PH, SK24V150PH, SK24V100, SK48V100N/SK12V100/JPG/250512 100H亚马逊1600x1600/2-产品优势对比.jpg",728268,f42f58c826d4d25f7f147763c91860acf1d394a2494a320f164461ce34df6fc8,.jpg
"assets/vendor-media/sok/approved-product-images/SOK Product Images/SK12V100, SK12V314PH, SK24V150PH, SK24V100, SK48V100N/SK12V100/JPG/250512 100H亚马逊1600x1600/3-应用多场景图.jpg",1448698,29dda1597e32498ada7bf58dae449928eb467ba04f32d6c5f6e3641c37ed9fef,.jpg
"assets/vendor-media/sok/approved-product-images/SOK Product Images/SK12V100, SK12V314PH, SK24V150PH, SK24V100, SK48V100N/SK12V100/JPG/250512 100H亚马逊1600x1600/4-房车场景展示.jpg",1268628,e64ef543db576163d1a114856f256884427985d36b6dc574d6fddbfc915258c6,.jpg
"assets/vendor-media/sok/approved-product-images/SOK Product Images/SK12V100, SK12V314PH, SK24V150PH, SK24V100, SK48V100N/SK12V100/JPG/250512 100H亚马逊1600x1600/5-具体应用场景.jpg",625724,f8286259ec5e9038de1fd1f73eb393a625bf464fe9bf7309c04ec31d08c51d62,.jpg
"assets/vendor-media/sok/approved-product-images/SOK Product Images/SK12V100, SK12V314PH, SK24V150PH, SK24V100, SK48V100N/SK12V100/JPG/250512 100H亚马逊1600x1600/6-低温运行.jpg",641503,19b4c738814576742a9cbac10e9f59f2903630093b4af375cb7bdb8e234d0594,.jpg
"assets/vendor-media/sok/approved-product-images/SOK Product Images/SK12V100, SK12V314PH, SK24V150PH, SK24V100, SK48V100N/SK12V100/JPG/250512 100H亚马逊1600x1600/7-尺寸-1.jpg",1150679,7eee0af6c9b401907ef29db69e18cafa97e60727fe594ac453e0f223dfb5e1a3,.jpg
"assets/vendor-media/sok/approved-product-images/SOK Product Images/SK12V100, SK12V314PH, SK24V150PH, SK24V100, SK48V100N/SK12V100/JPG/250512 100H亚马逊1600x1600/7-尺寸-2.jpg",1327489,efd6b1b33f172c4e63a4febd4414f06bce4aae45cce9fd86fa33342dab969d12,.jpg
"assets/vendor-media/sok/approved-product-images/SOK Product Images/SK12V100, SK12V314PH, SK24V150PH, SK24V100, SK48V100N/SK12V100/JPG/250512 100H亚马逊1600x1600/8-禁止事项.jpg",453995,fffaf0c23c75d6f72e171c622d186b4d29023f94cc6b98caf82cc3364c8b2e7e,.jpg
"assets/vendor-media/sok/approved-product-images/SOK Product Images/SK12V100, SK12V314PH, SK24V150PH, SK24V100, SK48V100N/SK12V100/JPG/250513 100P亚马逊1600x1600/1-优势卖点展示.jpg",1262251,1088ae069f94403b2d5a3b3645296ccfd4ba621526ec8884eed4097caacc27e6,.jpg
"assets/vendor-media/sok/approved-product-images/SOK Product Images/SK12V100, SK12V314PH, SK24V150PH, SK24V100, SK48V100N/SK12V100/JPG/250513 100P亚马逊1600x1600/2-产品优势对比.jpg",758690,a8abbde30fd908c3dc1133d9ee277dac0524462f69bb55b076462835c234bf1a,.jpg
"assets/vendor-media/sok/approved-product-images/SOK Product Images/SK12V100, SK12V314PH, SK24V150PH, SK24V100, SK48V100N/SK12V100/JPG/250513 100P亚马逊1600x1600/3-应用多场景图.jpg",1654588,fb9ccd70ecd0476ceb4f34fe3d73ea560335e533bc3a0d55a143cf894d17fe11,.jpg
"assets/vendor-media/sok/approved-product-images/SOK Product Images/SK12V100, SK12V314PH, SK24V150PH, SK24V100, SK48V100N/SK12V100/JPG/250513 100P亚马逊1600x1600/4-航海场景展示.jpg",1365403,a8727be8af7ae467dea9b48dfbd6770d406af53098fc6a08c3fbfa792ef3bfa1,.jpg
"assets/vendor-media/sok/approved-product-images/SOK Product Images/SK12V100, SK12V314PH, SK24V150PH, SK24V100, SK48V100N/SK12V100/JPG/250513 100P亚马逊1600x1600/5-具体应用场景.jpg",551935,5d3c732b273d8eb2d93b8d9ac7312b0cf77099c1d339d7df402ac1389e8a2329,.jpg
"assets/vendor-media/sok/approved-product-images/SOK Product Images/SK12V100, SK12V314PH, SK24V150PH, SK24V100, SK48V100N/SK12V100/JPG/250513 100P亚马逊1600x1600/6-防护性能.jpg",1231108,0d3050b780288fe7dd84e62aab16134939358c1fa0cf3d595069e67e4c1ab2f7,.jpg
"assets/vendor-media/sok/approved-product-images/SOK Product Images/SK12V100, SK12V314PH, SK24V150PH, SK24V100, SK48V100N/SK12V100/JPG/250513 100P亚马逊1600x1600/7-尺寸-1.jpg",1143129,ea503bccbd10811b2a9e95b70f74c446ec7d7c0b64894edbad1fedb9715ff296,.jpg
"assets/vendor-media/sok/approved-product-images/SOK Product Images/SK12V100, SK12V314PH, SK24V150PH, SK24V100, SK48V100N/SK12V100/JPG/250513 100P亚马逊1600x1600/7-尺寸-2.jpg",1317532,12870c442c930f50d565a8b0a890037887ef79d2334b6ff48a90309e12eb219e,.jpg
"assets/vendor-media/sok/approved-product-images/SOK Product Images/SK12V100, SK12V314PH, SK24V150PH, SK24V100, SK48V100N/SK12V100/JPG/250513 100P亚马逊1600x1600/8-禁止事项.jpg",448712,b9656dc02890ae4ecf135c81a97eced679ac601059c473754b2d5771dd302556,.jpg
"assets/vendor-media/sok/approved-product-images/SOK Product Images/SK12V100, SK12V314PH, SK24V150PH, SK24V100, SK48V100N/SK12V100/JPG/251103 100H亚马逊1600x1600/1-优势卖点展示.jpg",1073014,04a092bafec1d62d020a7ee3dc1b64e4de828ee88623c3e4d5b6175a011acb7b,.jpg
"assets/vendor-media/sok/approved-product-images/SOK Product Images/SK12V100, SK12V314PH, SK24V150PH, SK24V100, SK48V100N/SK12V100/JPG/251103 100H亚马逊1600x1600/2-产品优势对比.jpg",792423,1c8a80f0bb7598987ed58f1885df094972e5301f07300858274a058f20b98f8e,.jpg
"assets/vendor-media/sok/approved-product-images/SOK Product Images/SK12V100, SK12V314PH, SK24V150PH, SK24V100, SK48V100N/SK12V100/JPG/251103 100H亚马逊1600x1600/3-应用多场景图.jpg",1817080,a752fb6ed28139869681a8633dc6a428cb5bd1d84e37ff8f018c7bc946b13fdd,.jpg
"assets/vendor-media/sok/approved-product-images/SOK Product Images/SK12V100, SK12V314PH, SK24V150PH, SK24V100, SK48V100N/SK12V100/JPG/251103 100H亚马逊1600x1600/4-房车场景展示.jpg",1970607,0586ab667a55e324e2fcc5e29ca16f72d59f9c13953a2dab71609b9db4198fba,.jpg
"assets/vendor-media/sok/approved-product-images/SOK Product Images/SK12V100, SK12V314PH, SK24V150PH, SK24V100, SK48V100N/SK12V100/JPG/251103 100H亚马逊1600x1600/5-具体应用场景.jpg",1595986,35b9281b8b03311a9bf2e71722708b1938c70ed1ad61083b854106a9f4468b40,.jpg
"assets/vendor-media/sok/approved-product-images/SOK Product Images/SK12V100, SK12V314PH, SK24V150PH, SK24V100, SK48V100N/SK12V100/JPG/251103 100H亚马逊1600x1600/6-低温运行.jpg",1679276,0412b5a16cbdac487b5188a69cd799bf2848e0abf2e9e085b23d1cfb20de3f11,.jpg
"assets/vendor-media/sok/approved-product-images/SOK Product Images/SK12V100, SK12V314PH, SK24V150PH, SK24V100, SK48V100N/SK12V100/JPG/251103 100H亚马逊1600x1600/7-尺寸.jpg",1483877,d5335c45a238f472d5345c036253c49d362f3dc511bfb5a7bff84105c8cab95f,.jpg
"assets/vendor-media/sok/approved-product-images/SOK Product Images/SK12V100, SK12V314PH, SK24V150PH, SK24V100, SK48V100N/SK12V100/JPG/251103 100H亚马逊1600x1600/8-禁止事项.jpg",1278515,ec5abd01301b5ee95de0f7ed294ea6741987e6623dbc7ff5053400ac03702d97,.jpg
"assets/vendor-media/sok/approved-product-images/SOK Product Images/SK12V100, SK12V314PH, SK24V150PH, SK24V100, SK48V100N/SK12V100/JPG/251105 100P亚马逊1600x1600/1-优势卖点展示.jpg",1118491,1fa2ad9bcbb809eceb60100d7a59aafc84c82939821945c9a72020ec96c7a3c8,.jpg
"assets/vendor-media/sok/approved-product-images/SOK Product Images/SK12V100, SK12V314PH, SK24V150PH, SK24V100, SK48V100N/SK12V100/JPG/251105 100P亚马逊1600x1600/2-产品优势对比.jpg",863845,ced0685dfc4f8d07ad553820ba66f0f52ba0bdfe30dc3342db82a855f1c697e5,.jpg
"assets/vendor-media/sok/approved-product-images/SOK Product Images/SK12V100, SK12V314PH, SK24V150PH, SK24V100, SK48V100N/SK12V100/JPG/251105 100P亚马逊1600x1600/3-应用多场景图.jpg",1795150,115a4cd25fd2f4af380a9c12c6cbefdf2c2c3dd5f46330e7567ead9dca9936c6,.jpg
"assets/vendor-media/sok/approved-product-images/SOK Product Images/SK12V100, SK12V314PH, SK24V150PH, SK24V100, SK48V100N/SK12V100/JPG/251105 100P亚马逊1600x1600/4-房车场景展示.jpg",1795078,846106b654bb8d4531272a71c9fbcf7672f32a4b8446742fad2c1d58fa215739,.jpg
"assets/vendor-media/sok/approved-product-images/SOK Product Images/SK12V100, SK12V314PH, SK24V150PH, SK24V100, SK48V100N/SK12V100/JPG/251105 100P亚马逊1600x1600/5-具体应用场景.jpg",1692985,2c9b392dcdcd037344a3f9f48c2718417eaede34cf1a07f250c329625b4e2324,.jpg
"assets/vendor-media/sok/approved-product-images/SOK Product Images/SK12V100, SK12V314PH, SK24V150PH, SK24V100, SK48V100N/SK12V100/JPG/251105 100P亚马逊1600x1600/6-低温运行.jpg",1609010,168220994e81cb43dae876014fdc6e01b44787c68a778de3d1025ce3f676c23f,.jpg
"assets/vendor-media/sok/approved-product-images/SOK Product Images/SK12V100, SK12V314PH, SK24V150PH, SK24V100, SK48V100N/SK12V100/JPG/251105 100P亚马逊1600x1600/7-尺寸.jpg",1375112,d09d0e5ca33c3b57ae549ab05723d4c14e742e786d9789a7a3f26bf819462689,.jpg
"assets/vendor-media/sok/approved-product-images/SOK Product Images/SK12V100, SK12V314PH, SK24V150PH, SK24V100, SK48V100N/SK12V100/JPG/251105 100P亚马逊1600x1600/8-禁止事项.jpg",1229435,7c35434ad444038c07c62054c326363606e30817eb49528fb351dbdb8c7ea1dd,.jpg
"assets/vendor-media/sok/approved-product-images/SOK Product Images/SK12V100, SK12V314PH, SK24V150PH, SK24V100, SK48V100N/SK12V100/JPG/251125 100PC亚马逊主图1600x1600/具体使用场景.jpg",1798358,d5cd19313a90a097dd6b752b15b50bc91cd189122efee30dcdc443629b17ea66,.jpg
"assets/vendor-media/sok/approved-product-images/SOK Product Images/SK12V100, SK12V314PH, SK24V150PH, SK24V100, SK48V100N/SK12V100/JPG/251125 100PC亚马逊主图1600x1600/参数.jpg",809194,50e5c9b35b57cc2216601dddab8fa362f02d7265b3fb0d53cb7caa780486d229,.jpg
"assets/vendor-media/sok/approved-product-images/SOK Product Images/SK12V100, SK12V314PH, SK24V150PH, SK24V100, SK48V100N/SK12V100/JPG/251125 100PC亚马逊主图1600x1600/尺寸.jpg",1312983,e25a4eee72a39cc4b5cdd8df293c256b9bf1c77145fc90cbfd3529b9f01f6f7c,.jpg
"assets/vendor-media/sok/approved-product-images/SOK Product Images/SK12V100, SK12V314PH, SK24V150PH, SK24V100, SK48V100N/SK12V100/JPG/251125 100PC亚马逊主图1600x1600/应用多场景.jpg",1806893,d96b566ee26d1c6989616dd9dad0decdc02aae0b74c4d794edfdebff6c86540a,.jpg
"assets/vendor-media/sok/approved-product-images/SOK Product Images/SK12V100, SK12V314PH, SK24V150PH, SK24V100, SK48V100N/SK12V100/JPG/251125 100PC亚马逊主图1600x1600/特性.jpg",1136175,ea27e9b9ba0d9ab68050836cfb15e60fe137103c7a33d99e06913921714d9b2e,.jpg
"assets/vendor-media/sok/approved-product-images/SOK Product Images/SK12V100, SK12V314PH, SK24V150PH, SK24V100, SK48V100N/SK12V100/JPG/251125 100PC亚马逊主图1600x1600/禁止事项.jpg",1292263,ffad54f26ddc85d8c6989984765ccf4ea9883b32da5bfac1b2dbdb5bb0a9a13b,.jpg
"assets/vendor-media/sok/approved-product-images/SOK Product Images/SK12V100, SK12V314PH, SK24V150PH, SK24V100, SK48V100N/SK12V100/JPG/251125 100PC亚马逊主图1600x1600/船场景展示.jpg",1807534,c97caa91163c9c3915e5c7d31b77f5c6abd888caf11c3c54833c8711c50819c2,.jpg
"assets/vendor-media/sok/approved-product-images/SOK Product Images/SK12V100, SK12V314PH, SK24V150PH, SK24V100, SK48V100N/SK12V100/JPG/260113 100PC亚马逊A+1464x625/品牌.jpg",715767,c1158d18ed428caa850d99b4380c5e0bd81d91ed2f7520fddff8e1a97a8b1870,.jpg
"assets/vendor-media/sok/approved-product-images/SOK Product Images/SK12V100, SK12V314PH, SK24V150PH, SK24V100, SK48V100N/SK12V100/JPG/260113 100PC亚马逊A+1464x625/场景.jpg",574024,3f9ed152182b9a91d68045c7929e634dab0b85c868dda36d86271ed4aee6dd38,.jpg
"assets/vendor-media/sok/approved-product-images/SOK Product Images/SK12V100, SK12V314PH, SK24V150PH, SK24V100, SK48V100N/SK12V100/JPG/260113 100PC亚马逊A+1464x625/尺寸.jpg",610505,9a9acc3f761fedadfd5285d5e69189599daaa58616b8af94e3180fea37592550,.jpg
"assets/vendor-media/sok/approved-product-images/SOK Product Images/SK12V100, SK12V314PH, SK24V150PH, SK24V100, SK48V100N/SK12V100/JPG/260113 100PC亚马逊A+1464x625/特性.jpg",284604,42257aad6b89c0fdfc7f43e40f7c8315ea932d7abc423984bfbd982031808612,.jpg
"assets/vendor-media/sok/approved-product-images/SOK Product Images/SK12V100, SK12V314PH, SK24V150PH, SK24V100, SK48V100N/SK12V100/JPG/260113 100PC亚马逊A+1464x625/蓝牙.jpg",540451,557b16aa35af2c17d911100f535651f99bace1acdf2fbb8777d8f9bffed2a482,.jpg
"assets/vendor-media/sok/approved-product-images/SOK Product Images/SK12V100, SK12V314PH, SK24V150PH, SK24V100, SK48V100N/SK12V100/JPG/260113 100PC亚马逊A+1464x625/透明外壳.jpg",393533,164836c9f1cac679157f04d4e057fc50681cb3c03d7f73a98d44c163786db51a,.jpg
"assets/vendor-media/sok/approved-product-images/SOK Product Images/SK12V100, SK12V314PH, SK24V150PH, SK24V100, SK48V100N/SK12V100/JPG/260113 100PC亚马逊A+600x450/品牌.jpg",248462,009fc462ef162ad263c616418dc17a262213dff66e7801ca4e74ca7bd7cd2bbd,.jpg
"assets/vendor-media/sok/approved-product-images/SOK Product Images/SK12V100, SK12V314PH, SK24V150PH, SK24V100, SK48V100N/SK12V100/JPG/260113 100PC亚马逊A+600x450/场景.jpg",202102,97f8b43bc0ff226096e2d331249f0fbd8e71f5e4da44a7e067f25dd77125d899,.jpg
"assets/vendor-media/sok/approved-product-images/SOK Product Images/SK12V100, SK12V314PH, SK24V150PH, SK24V100, SK48V100N/SK12V100/JPG/260113 100PC亚马逊A+600x450/尺寸.jpg",230703,4c7fc681c0d68326615b2929703b71595ef5a94c6747e4ba50927673967e5c65,.jpg
"assets/vendor-media/sok/approved-product-images/SOK Product Images/SK12V100, SK12V314PH, SK24V150PH, SK24V100, SK48V100N/SK12V100/JPG/260113 100PC亚马逊A+600x450/特性.jpg",128510,5c3546369008888d57087bfe83ae418433aefa526e3fa9f817151f88c955671c,.jpg
"assets/vendor-media/sok/approved-product-images/SOK Product Images/SK12V100, SK12V314PH, SK24V150PH, SK24V100, SK48V100N/SK12V100/JPG/260113 100PC亚马逊A+600x450/蓝牙.jpg",201701,e8648d7a9276bc53924830bd80a729aec4ad4b130afe05ee3838783186b1b202,.jpg
"assets/vendor-media/sok/approved-product-images/SOK Product Images/SK12V100, SK12V314PH, SK24V150PH, SK24V100, SK48V100N/SK12V100/JPG/260113 100PC亚马逊A+600x450/透明外壳.jpg",174561,6e4ac96d063119408df30c804386f58af6ed1bce797f7c29282d7a9bd540831d,.jpg
"assets/vendor-media/sok/approved-product-images/SOK Product Images/SK12V100, SK12V314PH, SK24V150PH, SK24V100, SK48V100N/SK12V314/JPG/241230 亚马逊A+ 970x600/241230-亚马逊A+-970x600-1.jpg",168366,cf6830d8a7315d2f6e0b7374d0ddf7d16ffcdcdf254e2cee840d493ae20a04a5,.jpg
"assets/vendor-media/sok/approved-product-images/SOK Product Images/SK12V100, SK12V314PH, SK24V150PH, SK24V100, SK48V100N/SK12V314/JPG/241230 亚马逊A+ 970x600/241230-亚马逊A+-970x600-2.jpg",271452,a3e67fdb9eafb5620e7282c61e84b9e247e455c778444e7a735daa5e4d1a12a7,.jpg
"assets/vendor-media/sok/approved-product-images/SOK Product Images/SK12V100, SK12V314PH, SK24V150PH, SK24V100, SK48V100N/SK12V314/JPG/241230 亚马逊A+ 970x600/241230-亚马逊A+-970x600-3.jpg",345397,c9ce634efaee46c9d76fa05f002ab3a12d532a3ea4cd2d0449921585b7de50d5,.jpg
"assets/vendor-media/sok/approved-product-images/SOK Product Images/SK12V100, SK12V314PH, SK24V150PH, SK24V100, SK48V100N/SK12V314/JPG/241230 亚马逊A+ 970x600/241230-亚马逊A+-970x600-4.jpg",412987,de77fdcb004a646d3bc65f808714ee173208e48721685873014a96522a5214a6,.jpg
"assets/vendor-media/sok/approved-product-images/SOK Product Images/SK12V100, SK12V314PH, SK24V150PH, SK24V100, SK48V100N/SK12V314/JPG/241230 亚马逊主图1600x1600/241230-亚马逊主图1600x1600-3.jpg",1152294,f49dfa122c87c5bf91e2ba5a64675a74587444076cc6778bed9ba334c6b184cc,.jpg
"assets/vendor-media/sok/approved-product-images/SOK Product Images/SK12V100, SK12V314PH, SK24V150PH, SK24V100, SK48V100N/SK12V314/JPG/241230 亚马逊主图1600x1600/241230-亚马逊主图1600x1600-4.jpg",839827,fae4a626fa3bded41b795bec40501ea5c8953e09d074557cf8b95fc6bdcadc58,.jpg
"assets/vendor-media/sok/approved-product-images/SOK Product Images/SK12V100, SK12V314PH, SK24V150PH, SK24V100, SK48V100N/SK12V314/JPG/241230 亚马逊主图1600x1600/241230-亚马逊主图1600x1600-5.jpg",907639,52331a353429d6fb1e26da05c848be9a35b4438e18e0dd23d6bb95e7795516fa,.jpg
"assets/vendor-media/sok/approved-product-images/SOK Product Images/SK12V100, SK12V314PH, SK24V150PH, SK24V100, SK48V100N/SK12V314/JPG/241230 亚马逊主图1600x1600/241230-亚马逊主图1600x1600-6.jpg",559999,84a3c12c1a1eaf286a3b20a99461f460d24f3f0461b123dfb68b490d75cf63bf,.jpg
"assets/vendor-media/sok/approved-product-images/SOK Product Images/SK12V100, SK12V314PH, SK24V150PH, SK24V100, SK48V100N/SK12V314/JPG/241230 亚马逊主图1600x1600/241230-亚马逊主图1600x1600-7.jpg",596925,a3879151d74fa306514e308ac86dafd684f77d63edebb73300f3db0ae30503b9,.jpg
"assets/vendor-media/sok/approved-product-images/SOK Product Images/SK12V100, SK12V314PH, SK24V150PH, SK24V100, SK48V100N/SK12V314/JPG/241230 亚马逊主图1600x1600/241230-亚马逊主图1600x1600-8.jpg",1239227,9925063a9766a1e3a6ce9a0124496c5a29c20f5202da4fd79d4d878d24b5f437,.jpg
"assets/vendor-media/sok/approved-product-images/SOK Product Images/SK12V100, SK12V314PH, SK24V150PH, SK24V100, SK48V100N/SK12V314/JPG/241230 亚马逊主图1600x1600/241230-亚马逊主图1600x1600-主图.jpg",649666,d15ffc80c6bb0c510e64eb2d1bd2189f46d5f41cd126b9f1f828c2b1c85fcfa1,.jpg
"assets/vendor-media/sok/approved-product-images/SOK Product Images/SK12V100, SK12V314PH, SK24V150PH, SK24V100, SK48V100N/SK12V314/JPG/241230 亚马逊主图1600x1600/241230-亚马逊主图1600x1600-俯视图.jpg",735161,b8e38d622ec5a34f3ef74811bcf8cd612de14167e6c9cf3b3f96e196d3b15ece,.jpg
"assets/vendor-media/sok/approved-product-images/SOK Product Images/SK12V100, SK12V314PH, SK24V150PH, SK24V100, SK48V100N/SK12V314/JPG/250312 亚马逊主图 1600x1600/画板 1.jpg",317869,37a248096a680ee53208b6df6c597f8fb979b5cd542e03d4bf72825c8f9eb53d,.jpg
"assets/vendor-media/sok/approved-product-images/SOK Product Images/SK12V100, SK12V314PH, SK24V150PH, SK24V100, SK48V100N/SK12V314/JPG/250312 亚马逊主图 1600x1600/画板 2.jpg",499581,e8ab98e326ed9042ddf3833a6f0e77627485d69be76e90d733198bedaaaae632,.jpg
"assets/vendor-media/sok/approved-product-images/SOK Product Images/SK12V100, SK12V314PH, SK24V150PH, SK24V100, SK48V100N/SK12V314/JPG/250312 亚马逊主图 1600x1600/画板 3.jpg",973525,c3d60498554b3d306b21dc786e262636dfcbec05aeb6ec755610895f7f510781,.jpg
"assets/vendor-media/sok/approved-product-images/SOK Product Images/SK12V100, SK12V314PH, SK24V150PH, SK24V100, SK48V100N/SK12V314/JPG/250312 亚马逊主图 1600x1600/画板 4.jpg",338115,52f16ddc0d0fe3bb794b3834e5c09a225e7e351d044359ed6a2733bd6e36cd7e,.jpg
"assets/vendor-media/sok/approved-product-images/SOK Product Images/SK12V100, SK12V314PH, SK24V150PH, SK24V100, SK48V100N/SK12V314/JPG/250312 亚马逊主图 1600x1600/画板 5.jpg",249702,175fe7aa08ea88e106e5d9a4474e74d92b8d7d2f6696bec80aca05a711b60bbb,.jpg
"assets/vendor-media/sok/approved-product-images/SOK Product Images/SK12V100, SK12V314PH, SK24V150PH, SK24V100, SK48V100N/SK12V314/JPG/250312 亚马逊主图 1600x1600/画板 6.jpg",287279,34c7bea5d35a9b5e76481b9e4a1a0eca4d64f3d4a41e3ba76f98192e6be6f62f,.jpg
"assets/vendor-media/sok/approved-product-images/SOK Product Images/SK12V100, SK12V314PH, SK24V150PH, SK24V100, SK48V100N/SK12V314/JPG/250312 亚马逊主图 1600x1600/画板 7.jpg",664503,afbe091b880853705d367a24ac5d2213db114c9245550bb412c16a1fe15374f7,.jpg
"assets/vendor-media/sok/approved-product-images/SOK Product Images/SK12V100, SK12V314PH, SK24V150PH, SK24V100, SK48V100N/SK12V314/JPG/250516 SK12V314PH亚马逊主图1600x1600/1-优势卖点展示.jpg",829427,ca3080c36838e907fbffc50ca8ff6970e5474a6cde9f017ca46716890990390e,.jpg
"assets/vendor-media/sok/approved-product-images/SOK Product Images/SK12V100, SK12V314PH, SK24V150PH, SK24V100, SK48V100N/SK12V314/JPG/250516 SK12V314PH亚马逊主图1600x1600/2-产品优势对比.jpg",491075,a337aa10cac720a4ccdc2599710c461c32a164ec7c1864c328dc6d1e177129d4,.jpg
"assets/vendor-media/sok/approved-product-images/SOK Product Images/SK12V100, SK12V314PH, SK24V150PH, SK24V100, SK48V100N/SK12V314/JPG/250516 SK12V314PH亚马逊主图1600x1600/3-应用多场景图.jpg",682168,5b582d695a93b44712a46c11c37286941f55e71f48b66c799f8a5eee89b1babe,.jpg
"assets/vendor-media/sok/approved-product-images/SOK Product Images/SK12V100, SK12V314PH, SK24V150PH, SK24V100, SK48V100N/SK12V314/JPG/250516 SK12V314PH亚马逊主图1600x1600/4-房车场景展示.jpg",1163399,5b9b769cc71c2a46b0b825b8bceb4e34c298538ece762186980400da1d1ec13c,.jpg
"assets/vendor-media/sok/approved-product-images/SOK Product Images/SK12V100, SK12V314PH, SK24V150PH, SK24V100, SK48V100N/SK12V314/JPG/250516 SK12V314PH亚马逊主图1600x1600/5-低温加热.jpg",1480421,f47579ac9f129f768504cf68238e1bb8588f3d9462c0cfaf90769637225019b7,.jpg
"assets/vendor-media/sok/approved-product-images/SOK Product Images/SK12V100, SK12V314PH, SK24V150PH, SK24V100, SK48V100N/SK12V314/JPG/250516 SK12V314PH亚马逊主图1600x1600/6-防火模块.jpg",922498,45597a0028db98baf756acf19c8470e1e71426f32c74a64b3203881fe0eb7973,.jpg
"assets/vendor-media/sok/approved-product-images/SOK Product Images/SK12V100, SK12V314PH, SK24V150PH, SK24V100, SK48V100N/SK12V314/JPG/250516 SK12V314PH亚马逊主图1600x1600/7-尺寸.jpg",1015141,88c0ab02b41cc5f93a5e93f4d568142325d3d96153c618c3a46b33674f844ba2,.jpg
"assets/vendor-media/sok/approved-product-images/SOK Product Images/SK12V100, SK12V314PH, SK24V150PH, SK24V100, SK48V100N/SK12V314/JPG/250516 SK12V314PH亚马逊主图1600x1600/8-蓝牙 OTA.jpg",723482,d6b9c9029157174a9f2c2543e8b62413cc61da7d198d88d01838bdc0f14d9045,.jpg
"assets/vendor-media/sok/approved-product-images/SOK Product Images/SK12V100, SK12V314PH, SK24V150PH, SK24V100, SK48V100N/SK12V314/JPG/250611 SK12V314PH亚马逊主图1600x1600/1-优势卖点展示.jpg",737034,9451e7130b09cfa5e8d489bf59f8b7893b000d52ad7af207d68b2b19e984e5a1,.jpg
"assets/vendor-media/sok/approved-product-images/SOK Product Images/SK12V100, SK12V314PH, SK24V150PH, SK24V100, SK48V100N/SK12V314/JPG/250611 SK12V314PH亚马逊主图1600x1600/6-防火模块.jpg",850076,850497dbeb5a529cbd0a7632d3cfac87d761905492f1bbd74ed3416f676d21e1,.jpg
"assets/vendor-media/sok/approved-product-images/SOK Product Images/SK12V100, SK12V314PH, SK24V150PH, SK24V100, SK48V100N/SK12V314/JPG/250611 SK12V314PH亚马逊主图1600x1600/7-尺寸.jpg",1084652,5e8cf82f77cae041aa7d98edabf11fbe1b1e1aedb780c7c72378ad8792f14f24,.jpg
"assets/vendor-media/sok/approved-product-images/SOK Product Images/SK12V100, SK12V314PH, SK24V150PH, SK24V100, SK48V100N/SK12V314/JPG/250611 SK12V314PH亚马逊主图1600x1600/8-蓝牙 OTA.jpg",731950,d4b575de5714a05bc51020cfd392e93cb689f90b31a677947ab32e0b2af98253,.jpg
"assets/vendor-media/sok/approved-product-images/SOK Product Images/SK12V100, SK12V314PH, SK24V150PH, SK24V100, SK48V100N/SK12V314/JPG/251106 SK12V314PH亚马逊主图1600x1600/1-优势卖点展示.jpg",1676223,95317412fd09d6be0471d5ed8f683bf077b83c4d728010736b3c82af95ec2abb,.jpg
"assets/vendor-media/sok/approved-product-images/SOK Product Images/SK12V100, SK12V314PH, SK24V150PH, SK24V100, SK48V100N/SK12V314/JPG/251106 SK12V314PH亚马逊主图1600x1600/2-产品优势对比.jpg",491075,a337aa10cac720a4ccdc2599710c461c32a164ec7c1864c328dc6d1e177129d4,.jpg
"assets/vendor-media/sok/approved-product-images/SOK Product Images/SK12V100, SK12V314PH, SK24V150PH, SK24V100, SK48V100N/SK12V314/JPG/251106 SK12V314PH亚马逊主图1600x1600/3-应用多场景图.jpg",1457787,08a25dc48bbb47b47fdf505cd636b7694fe3688b3fc03764121fc99bbd643d51,.jpg
"assets/vendor-media/sok/approved-product-images/SOK Product Images/SK12V100, SK12V314PH, SK24V150PH, SK24V100, SK48V100N/SK12V314/JPG/251106 SK12V314PH亚马逊主图1600x1600/4-房车场景展示.jpg",1244975,c6b3f27c5689299347aa0fb13cca84a26d37b3979d8afce102c59deb78cb835b,.jpg
"assets/vendor-media/sok/approved-product-images/SOK Product Images/SK12V100, SK12V314PH, SK24V150PH, SK24V100, SK48V100N/SK12V314/JPG/251106 SK12V314PH亚马逊主图1600x1600/5-低温加热.jpg",904060,c7e104b2dffab0958e4d2cf22c5b35bf5ca893bb182956fdaf2cfc8ddb402856,.jpg
"assets/vendor-media/sok/approved-product-images/SOK Product Images/SK12V100, SK12V314PH, SK24V150PH, SK24V100, SK48V100N/SK12V314/JPG/251106 SK12V314PH亚马逊主图1600x1600/6-防火模块.jpg",898588,2e2aee30976c4909b1b4629be9fb2dd2ca765da0fac057fe1428abb0b5eb3172,.jpg
"assets/vendor-media/sok/approved-product-images/SOK Product Images/SK12V100, SK12V314PH, SK24V150PH, SK24V100, SK48V100N/SK12V314/JPG/251106 SK12V314PH亚马逊主图1600x1600/7-尺寸.jpg",1015141,88c0ab02b41cc5f93a5e93f4d568142325d3d96153c618c3a46b33674f844ba2,.jpg
"assets/vendor-media/sok/approved-product-images/SOK Product Images/SK12V100, SK12V314PH, SK24V150PH, SK24V100, SK48V100N/SK12V314/JPG/251106 SK12V314PH亚马逊主图1600x1600/8-蓝牙-OTA.jpg",1059912,80560cd633331d48153b46f983fcc0525676a682f55cb0c0823d0387a213929f,.jpg
"assets/vendor-media/sok/approved-product-images/SOK Product Images/SK12V100, SK12V314PH, SK24V150PH, SK24V100, SK48V100N/SK12V314/JPG/251110 亚马逊A+ 1464x600/1.jpg",217750,1f9e89bf42f61d2895e292e2b820ff2df251aab34a8cb3f72ce39e9803703f63,.jpg
"assets/vendor-media/sok/approved-product-images/SOK Product Images/SK12V100, SK12V314PH, SK24V150PH, SK24V100, SK48V100N/SK12V314/JPG/251110 亚马逊A+ 1464x600/2.jpg",362453,012131ecd6eaba205aba9dc845428679f22ed41f85b85224ec6c47c8a5c8290a,.jpg
"assets/vendor-media/sok/approved-product-images/SOK Product Images/SK12V100, SK12V314PH, SK24V150PH, SK24V100, SK48V100N/SK12V314/JPG/251110 亚马逊A+ 1464x600/3.jpg",457309,57962a817afcfe9fe876a9383655f2f273a655a3889d124f45bf4b289ac1de8d,.jpg
"assets/vendor-media/sok/approved-product-images/SOK Product Images/SK12V100, SK12V314PH, SK24V150PH, SK24V100, SK48V100N/SK12V314/JPG/251110 亚马逊A+ 1464x600/4.jpg",217041,9844fc348f9857b4e0255497bbc681725a7e9320be9f1955ad512972e7da80e4,.jpg
"assets/vendor-media/sok/approved-product-images/SOK Product Images/SK12V100, SK12V314PH, SK24V150PH, SK24V100, SK48V100N/SK12V314/JPG/251112 SK12V314PH 600x450/1.jpg",90964,48e4108893d533f2392470797de10369c76d1d874e895b259770e1dd2be140a6,.jpg
"assets/vendor-media/sok/approved-product-images/SOK Product Images/SK12V100, SK12V314PH, SK24V150PH, SK24V100, SK48V100N/SK12V314/JPG/251112 SK12V314PH 600x450/2.jpg",174500,bfb07ccfc1525631ab64ee1c3f6b48372b97715b1c1327131921f16c4688744c,.jpg
"assets/vendor-media/sok/approved-product-images/SOK Product Images/SK12V100, SK12V314PH, SK24V150PH, SK24V100, SK48V100N/SK12V314/JPG/251112 SK12V314PH 600x450/3.jpg",165192,eecacd20950a24195a708069bf4608b4f2923abe366cc22f15834e971b4901ae,.jpg
"assets/vendor-media/sok/approved-product-images/SOK Product Images/SK12V100, SK12V314PH, SK24V150PH, SK24V100, SK48V100N/SK12V314/JPG/251112 SK12V314PH 600x450/4.jpg",262357,912027753eff9ad509667db1a242f362017ef3c4b7ff34db09455d118c2b94ed,.jpg
"assets/vendor-media/sok/approved-product-images/SOK Product Images/SK12V100, SK12V314PH, SK24V150PH, SK24V100, SK48V100N/SK12V314/JPG/251112 SK12V314PH 600x450/5.jpg",189917,c5470a7c1ae1b0d9c9b7bbc602bbff07c7cdd51cd5a12be76640d03a53b72b1d,.jpg
"assets/vendor-media/sok/approved-product-images/SOK Product Images/SK12V100, SK12V314PH, SK24V150PH, SK24V100, SK48V100N/SK24V100/250515 SK24V100亚马逊1600x1600/1-优势卖点展示.jpg",1243835,6362bdefe34c03e44d17c2a13406acb9f20385d0f0dc8d8c47de01068bb5aaba,.jpg
"assets/vendor-media/sok/approved-product-images/SOK Product Images/SK12V100, SK12V314PH, SK24V150PH, SK24V100, SK48V100N/SK24V100/250515 SK24V100亚马逊1600x1600/2-产品优势对比.jpg",824005,cd1155bc739ca7b3be5bb01fddaea817dd1e7eda00eb853ab3ef203f95df5b84,.jpg
"assets/vendor-media/sok/approved-product-images/SOK Product Images/SK12V100, SK12V314PH, SK24V150PH, SK24V100, SK48V100N/SK24V100/250515 SK24V100亚马逊1600x1600/3-应用多场景图.jpg",1446115,9710b32dfb7e148b2499cda5b3b7d831dc67eacdcdf010c6894d3546591530a6,.jpg
"assets/vendor-media/sok/approved-product-images/SOK Product Images/SK12V100, SK12V314PH, SK24V150PH, SK24V100, SK48V100N/SK24V100/250515 SK24V100亚马逊1600x1600/4-房车场景展示.jpg",1226029,a9d99d58f3c69b2382297d8fbfd5eca9141bde747fb8d95cc75be6a2c1c36880,.jpg
"assets/vendor-media/sok/approved-product-images/SOK Product Images/SK12V100, SK12V314PH, SK24V150PH, SK24V100, SK48V100N/SK24V100/250515 SK24V100亚马逊1600x1600/5-具体应用场景.jpg",614770,ccd3328b32ccad04238fab323c110638a686a380ea8da83ed878d971132bdf06,.jpg
"assets/vendor-media/sok/approved-product-images/SOK Product Images/SK12V100, SK12V314PH, SK24V150PH, SK24V100, SK48V100N/SK24V100/250515 SK24V100亚马逊1600x1600/6-负载能力.jpg",1236385,b52539156ed83ea5b56f023b015c16d02f56b7957d01f165c7e7b88ba50a6a40,.jpg
"assets/vendor-media/sok/approved-product-images/SOK Product Images/SK12V100, SK12V314PH, SK24V150PH, SK24V100, SK48V100N/SK24V100/250515 SK24V100亚马逊1600x1600/7-尺寸-1.jpg",1106822,5953f179ed46ef8531757d97f1fbe032828f1a260d853c1580422f1c47a36b4d,.jpg
"assets/vendor-media/sok/approved-product-images/SOK Product Images/SK12V100, SK12V314PH, SK24V150PH, SK24V100, SK48V100N/SK24V100/250515 SK24V100亚马逊1600x1600/7-尺寸-2.jpg",1275209,b7b2803e5620eb22cfab654c6b580d0723fd4c0394b2649126012638c2448763,.jpg
"assets/vendor-media/sok/approved-product-images/SOK Product Images/SK12V100, SK12V314PH, SK24V150PH, SK24V100, SK48V100N/SK24V100/250515 SK24V100亚马逊1600x1600/8-禁止事项.jpg",397682,eb0f74fb8b4ddf307e6432085dceaa300032b7d2c911102821b6ec675cbf1852,.jpg
"assets/vendor-media/sok/approved-product-images/SOK Product Images/SK12V100, SK12V314PH, SK24V150PH, SK24V100, SK48V100N/SK24V100/251112 24V100亚马逊主图1600x1600/1-优势卖点展示.jpg",1094661,becebc8d5aa1a5b1de7d1d63e1ddddc4435ec868ba69ac10694bb2121ce274aa,.jpg
"assets/vendor-media/sok/approved-product-images/SOK Product Images/SK12V100, SK12V314PH, SK24V150PH, SK24V100, SK48V100N/SK24V100/251112 24V100亚马逊主图1600x1600/2-产品优势对比.jpg",1094608,6f2bca15ec917384dd2c4ec90d992be0e09a8ab5d7cff0f66fc58b8ee6baf56a,.jpg
"assets/vendor-media/sok/approved-product-images/SOK Product Images/SK12V100, SK12V314PH, SK24V150PH, SK24V100, SK48V100N/SK24V100/251112 24V100亚马逊主图1600x1600/3-应用多场景图.jpg",1808120,614793a6a42641ac7571eaafbd6ab1eee9d86b3b95db3c3e14573d28545b621a,.jpg
"assets/vendor-media/sok/approved-product-images/SOK Product Images/SK12V100, SK12V314PH, SK24V150PH, SK24V100, SK48V100N/SK24V100/251112 24V100亚马逊主图1600x1600/4-房车场景展示.jpg",1896562,eae542bac16439b2be39886f540ddb16b1ea077ae3f87ea46230deeabf5747fc,.jpg
"assets/vendor-media/sok/approved-product-images/SOK Product Images/SK12V100, SK12V314PH, SK24V150PH, SK24V100, SK48V100N/SK24V100/251112 24V100亚马逊主图1600x1600/5-具体应用场景.jpg",1587322,b43141331637c09f337ec5833ee5cbf613744c9b94b07bf4776734046ace4f8f,.jpg
"assets/vendor-media/sok/approved-product-images/SOK Product Images/SK12V100, SK12V314PH, SK24V150PH, SK24V100, SK48V100N/SK24V100/251112 24V100亚马逊主图1600x1600/6-进阶选择.jpg",1094450,0f934bdb6fec14066d9caec681d99bae975419ffbbcf4d5c3a19df0eaa83c022,.jpg
"assets/vendor-media/sok/approved-product-images/SOK Product Images/SK12V100, SK12V314PH, SK24V150PH, SK24V100, SK48V100N/SK24V100/251112 24V100亚马逊主图1600x1600/7-尺寸.jpg",1303842,e4c8a3d7cc92450888eb84fd6d1db0b22928255d45513105fdb43b8e6480a49e,.jpg
"assets/vendor-media/sok/approved-product-images/SOK Product Images/SK12V100, SK12V314PH, SK24V150PH, SK24V100, SK48V100N/SK24V100/251112 24V100亚马逊主图1600x1600/8-禁止事项.jpg",1209375,0a7de7cdc870ed96970b7211988412c1e33001e1bab13f68586d9c12eb4b1756,.jpg
"assets/vendor-media/sok/approved-product-images/SOK Product Images/SK12V100, SK12V314PH, SK24V150PH, SK24V100, SK48V100N/SK24V150/jpg/250730 亚马逊主图1600x1600/BMS.jpg",1447169,fb9239c684e1d0a1de9ff5dc8ed06a50a0648be24a1e96823e4a07184ac68697,.jpg
"assets/vendor-media/sok/approved-product-images/SOK Product Images/SK12V100, SK12V314PH, SK24V150PH, SK24V100, SK48V100N/SK24V150/jpg/250730 亚马逊主图1600x1600/以一顶多.jpg",495513,d9ebeebe81c3bfd568d2f664ae21fce99bf8365e52c7e5099e3d9774ccdd4fa5,.jpg
"assets/vendor-media/sok/approved-product-images/SOK Product Images/SK12V100, SK12V314PH, SK24V150PH, SK24V100, SK48V100N/SK24V150/jpg/250730 亚马逊主图1600x1600/低温自热.jpg",1420545,d19bb7ff70453ebb54ecff67abba5a75eaa17aeb3664b4530697a974cb1c7d59,.jpg
"assets/vendor-media/sok/approved-product-images/SOK Product Images/SK12V100, SK12V314PH, SK24V150PH, SK24V100, SK48V100N/SK24V150/jpg/250730 亚马逊主图1600x1600/参数.jpg",799932,cbdeffd9b13d9ac915593779855fcc3c6c8d0d3282ed62d65095f5388916b1f1,.jpg
"assets/vendor-media/sok/approved-product-images/SOK Product Images/SK12V100, SK12V314PH, SK24V150PH, SK24V100, SK48V100N/SK24V150/jpg/250730 亚马逊主图1600x1600/多场景使用.jpg",1560102,01609889782378cea563d3a34d373c333b7eb6978c80aca363862c0acd0079e4,.jpg
"assets/vendor-media/sok/approved-product-images/SOK Product Images/SK12V100, SK12V314PH, SK24V150PH, SK24V100, SK48V100N/SK24V150/jpg/250730 亚马逊主图1600x1600/支持通讯 协议切换 OTA.jpg",1968899,e45bcbe7f5ff74623bfb0bd390c3b260fad3a0ac2d451eb6572cdb7d27c61ba2,.jpg
"assets/vendor-media/sok/approved-product-images/SOK Product Images/SK12V100, SK12V314PH, SK24V150PH, SK24V100, SK48V100N/SK24V150/jpg/250811 亚马逊主图1600x1600/12V配件.jpg",601598,7fdab257cc4e2b96c819482578f6fe16229ca2070c050217c06f972b8f66c9d8,.jpg
"assets/vendor-media/sok/approved-product-images/SOK Product Images/SK12V100, SK12V314PH, SK24V150PH, SK24V100, SK48V100N/SK24V150/jpg/250811 亚马逊主图1600x1600/24V配件.jpg",634978,d5516b5d9bc842a42158c251cbb060d30c79d35096b26fba6c209c5c80c4a023,.jpg
"assets/vendor-media/sok/approved-product-images/SOK Product Images/SK12V100, SK12V314PH, SK24V150PH, SK24V100, SK48V100N/SK24V150/jpg/250811 亚马逊主图1600x1600/BMS.jpg",1057328,b1ce21a24d69db6922c0db06d5afdbce6c05a4fb4938d6e1ec554dcd2df8010c,.jpg
"assets/vendor-media/sok/approved-product-images/SOK Product Images/SK12V100, SK12V314PH, SK24V150PH, SK24V100, SK48V100N/SK24V150/jpg/250811 亚马逊主图1600x1600/以一顶多.jpg",613624,4bc91255862a30b7e690b27b9b1a4708e96369870d3b1c8ea6133c752a2ba24a,.jpg
"assets/vendor-media/sok/approved-product-images/SOK Product Images/SK12V100, SK12V314PH, SK24V150PH, SK24V100, SK48V100N/SK24V150/jpg/250811 亚马逊主图1600x1600/低温自热.jpg",1417999,0e73517d1602d377f75626903d3c5ff460b00e3f4949bb047bf311902ab46621,.jpg
"assets/vendor-media/sok/approved-product-images/SOK Product Images/SK12V100, SK12V314PH, SK24V150PH, SK24V100, SK48V100N/SK24V150/jpg/250811 亚马逊主图1600x1600/参数.jpg",1099061,1f4afc860aa5b232462c9387a1214a72f0efb146d3612242c6bcb94c57dd7b09,.jpg
"assets/vendor-media/sok/approved-product-images/SOK Product Images/SK12V100, SK12V314PH, SK24V150PH, SK24V100, SK48V100N/SK24V150/jpg/250811 亚马逊主图1600x1600/多场景使用.jpg",1367336,aaff7334fb1c36c8e272633e1f900449d523d4eba7899ccaece797ba5443d60d,.jpg
"assets/vendor-media/sok/approved-product-images/SOK Product Images/SK12V100, SK12V314PH, SK24V150PH, SK24V100, SK48V100N/SK24V150/jpg/250811 亚马逊主图1600x1600/支持通讯 协议切换 OTA.jpg",1428480,0b3e10da604e466eab2d7361d8f5a3929c207065c2678a03534772eca8a4422d,.jpg
"assets/vendor-media/sok/approved-product-images/SOK Product Images/SK12V100, SK12V314PH, SK24V150PH, SK24V100, SK48V100N/SK24V150/jpg/251111 亚马逊主图1600x1600/BMS.jpg",1253689,e5cc2a2738453a14b6c4cc2cb0bd3ef9cf550d09e6c5652a72203e8bd83570f9,.jpg
"assets/vendor-media/sok/approved-product-images/SOK Product Images/SK12V100, SK12V314PH, SK24V150PH, SK24V100, SK48V100N/SK24V150/jpg/251111 亚马逊主图1600x1600/以一顶多.jpg",1077737,e0a3f12871c53e97dece6fdfbb2a3c137763e1a65dc26275efc1c3d05cc5deb2,.jpg
"assets/vendor-media/sok/approved-product-images/SOK Product Images/SK12V100, SK12V314PH, SK24V150PH, SK24V100, SK48V100N/SK24V150/jpg/251111 亚马逊主图1600x1600/低温加热.jpg",904060,c7e104b2dffab0958e4d2cf22c5b35bf5ca893bb182956fdaf2cfc8ddb402856,.jpg
"assets/vendor-media/sok/approved-product-images/SOK Product Images/SK12V100, SK12V314PH, SK24V150PH, SK24V100, SK48V100N/SK24V150/jpg/251111 亚马逊主图1600x1600/参数.jpg",799932,cbdeffd9b13d9ac915593779855fcc3c6c8d0d3282ed62d65095f5388916b1f1,.jpg
"assets/vendor-media/sok/approved-product-images/SOK Product Images/SK12V100, SK12V314PH, SK24V150PH, SK24V100, SK48V100N/SK24V150/jpg/251111 亚马逊主图1600x1600/多场景使用.jpg",1560102,01609889782378cea563d3a34d373c333b7eb6978c80aca363862c0acd0079e4,.jpg
"assets/vendor-media/sok/approved-product-images/SOK Product Images/SK12V100, SK12V314PH, SK24V150PH, SK24V100, SK48V100N/SK24V150/jpg/251111 亚马逊主图1600x1600/支持通讯-协议切换-OTA.jpg",1214975,23407e8f69877e6352ae35130946820ea307744d031c4b6a1280c16d72a9ac78,.jpg
"assets/vendor-media/sok/approved-product-images/SOK Product Images/SK12V100, SK12V314PH, SK24V150PH, SK24V100, SK48V100N/SK48V100N/JPG/251128 48V100N主图 1600x1600/1.特性.jpg",1266510,d6edeb28a4d7155d2ccd7406ba165eaf8c3468249e0d5b216f1e06ef19be7a81,.jpg
"assets/vendor-media/sok/approved-product-images/SOK Product Images/SK12V100, SK12V314PH, SK24V150PH, SK24V100, SK48V100N/SK48V100N/JPG/251128 48V100N主图 1600x1600/2.拓展.jpg",1432757,7275071aefb92a072cf50e8f755c5949db25597eb1a5c01c22d87ff3c9fbc174,.jpg
"assets/vendor-media/sok/approved-product-images/SOK Product Images/SK12V100, SK12V314PH, SK24V150PH, SK24V100, SK48V100N/SK48V100N/JPG/251128 48V100N主图 1600x1600/3.自加热.jpg",1053030,5bcb4d1b276684e473505cccd52b708a342722a7c0eb94e8a659d57be4ef8aa8,.jpg
"assets/vendor-media/sok/approved-product-images/SOK Product Images/SK12V100, SK12V314PH, SK24V150PH, SK24V100, SK48V100N/SK48V100N/JPG/251128 48V100N主图 1600x1600/4.蓝牙切换协议.jpg",834323,4a622f0417b3b36f6ccba4ff2d0983748b394b4df511c30ca884a17f085d1e6f,.jpg
"assets/vendor-media/sok/approved-product-images/SOK Product Images/SK12V100, SK12V314PH, SK24V150PH, SK24V100, SK48V100N/SK48V100N/JPG/251128 48V100N主图 1600x1600/5.参数.jpg",782546,2e1f720fa9c2577245e595c77f186d173e878aecdd1fa77734870e752724d147,.jpg
"assets/vendor-media/sok/approved-product-images/SOK Product Images/SK12V100, SK12V314PH, SK24V150PH, SK24V100, SK48V100N/SK48V100N/JPG/251128 48V100N主图 1600x1600/6.场景图.jpg",1173024,ebf50045d642a8476a114edf3349cc052b0b4d359cfcd873e0d0b3945d4b0e87,.jpg
"assets/vendor-media/sok/approved-product-images/SOK Product Images/SK12V100PC,SK12V206PH, SK12V280H/SK12V100PC/250912-SK12V100PC详情页.jpg",4336078,21b0b9852cce47556d585341ba9c7ab31154cf1b73cb8c8f5cbbe6ef76e1164e,.jpg
"assets/vendor-media/sok/approved-product-images/SOK Product Images/SK12V100PC,SK12V206PH, SK12V280H/SK12V100PC/251125 100PC亚马逊主图1600x1600/具体使用场景.jpg",1798358,d5cd19313a90a097dd6b752b15b50bc91cd189122efee30dcdc443629b17ea66,.jpg
"assets/vendor-media/sok/approved-product-images/SOK Product Images/SK12V100PC,SK12V206PH, SK12V280H/SK12V100PC/251125 100PC亚马逊主图1600x1600/参数.jpg",809194,50e5c9b35b57cc2216601dddab8fa362f02d7265b3fb0d53cb7caa780486d229,.jpg
"assets/vendor-media/sok/approved-product-images/SOK Product Images/SK12V100PC,SK12V206PH, SK12V280H/SK12V100PC/251125 100PC亚马逊主图1600x1600/尺寸.jpg",1312983,e25a4eee72a39cc4b5cdd8df293c256b9bf1c77145fc90cbfd3529b9f01f6f7c,.jpg
"assets/vendor-media/sok/approved-product-images/SOK Product Images/SK12V100PC,SK12V206PH, SK12V280H/SK12V100PC/251125 100PC亚马逊主图1600x1600/应用多场景.jpg",1806893,d96b566ee26d1c6989616dd9dad0decdc02aae0b74c4d794edfdebff6c86540a,.jpg
"assets/vendor-media/sok/approved-product-images/SOK Product Images/SK12V100PC,SK12V206PH, SK12V280H/SK12V100PC/251125 100PC亚马逊主图1600x1600/特性.jpg",1136175,ea27e9b9ba0d9ab68050836cfb15e60fe137103c7a33d99e06913921714d9b2e,.jpg
"assets/vendor-media/sok/approved-product-images/SOK Product Images/SK12V100PC,SK12V206PH, SK12V280H/SK12V100PC/251125 100PC亚马逊主图1600x1600/禁止事项.jpg",1292263,ffad54f26ddc85d8c6989984765ccf4ea9883b32da5bfac1b2dbdb5bb0a9a13b,.jpg
"assets/vendor-media/sok/approved-product-images/SOK Product Images/SK12V100PC,SK12V206PH, SK12V280H/SK12V100PC/251125 100PC亚马逊主图1600x1600/船场景展示.jpg",1807534,c97caa91163c9c3915e5c7d31b77f5c6abd888caf11c3c54833c8711c50819c2,.jpg
"assets/vendor-media/sok/approved-product-images/SOK Product Images/SK12V100PC,SK12V206PH, SK12V280H/SK12V100PC/260113 100PC亚马逊A+1464x625/品牌.jpg",715767,c1158d18ed428caa850d99b4380c5e0bd81d91ed2f7520fddff8e1a97a8b1870,.jpg
"assets/vendor-media/sok/approved-product-images/SOK Product Images/SK12V100PC,SK12V206PH, SK12V280H/SK12V100PC/260113 100PC亚马逊A+1464x625/场景.jpg",574024,3f9ed152182b9a91d68045c7929e634dab0b85c868dda36d86271ed4aee6dd38,.jpg
"assets/vendor-media/sok/approved-product-images/SOK Product Images/SK12V100PC,SK12V206PH, SK12V280H/SK12V100PC/260113 100PC亚马逊A+1464x625/尺寸.jpg",610505,9a9acc3f761fedadfd5285d5e69189599daaa58616b8af94e3180fea37592550,.jpg
"assets/vendor-media/sok/approved-product-images/SOK Product Images/SK12V100PC,SK12V206PH, SK12V280H/SK12V100PC/260113 100PC亚马逊A+1464x625/特性.jpg",284604,42257aad6b89c0fdfc7f43e40f7c8315ea932d7abc423984bfbd982031808612,.jpg
"assets/vendor-media/sok/approved-product-images/SOK Product Images/SK12V100PC,SK12V206PH, SK12V280H/SK12V100PC/260113 100PC亚马逊A+1464x625/蓝牙.jpg",540451,557b16aa35af2c17d911100f535651f99bace1acdf2fbb8777d8f9bffed2a482,.jpg
"assets/vendor-media/sok/approved-product-images/SOK Product Images/SK12V100PC,SK12V206PH, SK12V280H/SK12V100PC/260113 100PC亚马逊A+1464x625/透明外壳.jpg",393533,164836c9f1cac679157f04d4e057fc50681cb3c03d7f73a98d44c163786db51a,.jpg
"assets/vendor-media/sok/approved-product-images/SOK Product Images/SK12V100PC,SK12V206PH, SK12V280H/SK12V100PC/260113 100PC亚马逊A+600x450/品牌.jpg",248462,009fc462ef162ad263c616418dc17a262213dff66e7801ca4e74ca7bd7cd2bbd,.jpg
"assets/vendor-media/sok/approved-product-images/SOK Product Images/SK12V100PC,SK12V206PH, SK12V280H/SK12V100PC/260113 100PC亚马逊A+600x450/场景.jpg",202102,97f8b43bc0ff226096e2d331249f0fbd8e71f5e4da44a7e067f25dd77125d899,.jpg
"assets/vendor-media/sok/approved-product-images/SOK Product Images/SK12V100PC,SK12V206PH, SK12V280H/SK12V100PC/260113 100PC亚马逊A+600x450/尺寸.jpg",230703,4c7fc681c0d68326615b2929703b71595ef5a94c6747e4ba50927673967e5c65,.jpg
"assets/vendor-media/sok/approved-product-images/SOK Product Images/SK12V100PC,SK12V206PH, SK12V280H/SK12V100PC/260113 100PC亚马逊A+600x450/特性.jpg",128510,5c3546369008888d57087bfe83ae418433aefa526e3fa9f817151f88c955671c,.jpg
"assets/vendor-media/sok/approved-product-images/SOK Product Images/SK12V100PC,SK12V206PH, SK12V280H/SK12V100PC/260113 100PC亚马逊A+600x450/蓝牙.jpg",201701,e8648d7a9276bc53924830bd80a729aec4ad4b130afe05ee3838783186b1b202,.jpg
"assets/vendor-media/sok/approved-product-images/SOK Product Images/SK12V100PC,SK12V206PH, SK12V280H/SK12V100PC/260113 100PC亚马逊A+600x450/透明外壳.jpg",174561,6e4ac96d063119408df30c804386f58af6ed1bce797f7c29282d7a9bd540831d,.jpg
"assets/vendor-media/sok/approved-product-images/SOK Product Images/SK12V100PC,SK12V206PH, SK12V280H/SK12V206PH/240410推广图.jpg",637900,ac3cd0dd93e49351963b76c77cfdc5db7ba4c2f3f899006d967d64e22de3cd3d,.jpg
"assets/vendor-media/sok/approved-product-images/SOK Product Images/SK12V100PC,SK12V206PH, SK12V280H/SK12V206PH/240703 主图1600x1600/240703-主图1600x1600-加热.jpg",1741410,3f0aaf72e21c2ecf51032ce142bbcb97f4800bfb6aa94739cf041fd030e10b5a,.jpg
"assets/vendor-media/sok/approved-product-images/SOK Product Images/SK12V100PC,SK12V206PH, SK12V280H/SK12V206PH/240703 主图1600x1600/240703-主图1600x1600-安装.jpg",1584264,e141a6ad8b0619c95d7944e91c29b93c359f6c71ad9ef3c918d75af5caa913a5,.jpg
"assets/vendor-media/sok/approved-product-images/SOK Product Images/SK12V100PC,SK12V206PH, SK12V280H/SK12V206PH/240703 主图1600x1600/240703-主图1600x1600-对比.jpg",1930521,12f6e0d202c6fd5889cdde5d149e1e795351685652b307ba7ff89f53435fb8eb,.jpg
"assets/vendor-media/sok/approved-product-images/SOK Product Images/SK12V100PC,SK12V206PH, SK12V280H/SK12V206PH/240703 主图1600x1600/240703-主图1600x1600-尺寸.jpg",779396,62cbeebb8556eb26423874b618f77a15490eac0aa8d5c8e8fe914e2804f181cc,.jpg
"assets/vendor-media/sok/approved-product-images/SOK Product Images/SK12V100PC,SK12V206PH, SK12V280H/SK12V206PH/240703 主图1600x1600/240703-主图1600x1600-拆卸.jpg",1103890,5b259b5bb86c7ba6775b53702c506d4ed5a062cc92ae277be16208fa82c2f579,.jpg
"assets/vendor-media/sok/approved-product-images/SOK Product Images/SK12V100PC,SK12V206PH, SK12V280H/SK12V206PH/240703 主图1600x1600/240703-主图1600x1600-蓝牙.jpg",1622655,5ad12d31e475ec50f912b93f4ef40915816bbaf0c6913572c9b80a4ef7922cee,.jpg
"assets/vendor-media/sok/approved-product-images/SOK Product Images/SK12V100PC,SK12V206PH, SK12V280H/SK12V206PH/240719 亚马逊A+ 970x600/240719-亚马逊A+-970x600-BMS.png",934417,0d1d2f8a92f94b24231376ae8ce13cb0b7eb8b13d7fb12dc5d783f649ab4cb80,.png
"assets/vendor-media/sok/approved-product-images/SOK Product Images/SK12V100PC,SK12V206PH, SK12V280H/SK12V206PH/240719 亚马逊A+ 970x600/240719-亚马逊A+-970x600-串并联.png",861307,c65a23cf0ea01ad928cc33aac62790d4a522335d3734d87c92084c4707b94582,.png
"assets/vendor-media/sok/approved-product-images/SOK Product Images/SK12V100PC,SK12V206PH, SK12V280H/SK12V206PH/240719 亚马逊A+ 970x600/240719-亚马逊A+-970x600-加热.png",848285,bf4e72821b6cd34e21b8a1fed4622af7d0e4a1784034ea0eb15ebe8088d3c508,.png
"assets/vendor-media/sok/approved-product-images/SOK Product Images/SK12V100PC,SK12V206PH, SK12V280H/SK12V206PH/240719 亚马逊A+ 970x600/240719-亚马逊A+-970x600-场景.png",773822,99b5e4e67024858cd318f28af3dd6d9c50f15a1f2371229be7f661c02f97df43,.png
"assets/vendor-media/sok/approved-product-images/SOK Product Images/SK12V100PC,SK12V206PH, SK12V280H/SK12V206PH/240719 亚马逊A+ 970x600/240719-亚马逊A+-970x600-蓝牙.png",840982,4871b962fc599c7758bc6334f962ee8dbb6f93c8f6b032122a49f4ac617b87e6,.png
"assets/vendor-media/sok/approved-product-images/SOK Product Images/SK12V100PC,SK12V206PH, SK12V280H/SK12V206PH/240912-亚马逊1600x1600/240912-亚马逊1600x1600-BMS.jpg",853810,f5a0ce139cd231e719e75351a3ca554ec802fadfb9762da469351396f50a98ee,.jpg
"assets/vendor-media/sok/approved-product-images/SOK Product Images/SK12V100PC,SK12V206PH, SK12V280H/SK12V206PH/240912-亚马逊1600x1600/240912-亚马逊1600x1600-主图.jpg",685560,0a8f8a91cf91ff575f2bc11f7d00072bf5b8a718982f1c6ffa6081c3ced53e5f,.jpg
"assets/vendor-media/sok/approved-product-images/SOK Product Images/SK12V100PC,SK12V206PH, SK12V280H/SK12V206PH/240912-亚马逊1600x1600/240912-亚马逊1600x1600-加热.jpg",1427095,721c0fcb472b0702d6707693005b452c228537f5d29e7d4a794598112b90f1cf,.jpg
"assets/vendor-media/sok/approved-product-images/SOK Product Images/SK12V100PC,SK12V206PH, SK12V280H/SK12V206PH/240912-亚马逊1600x1600/240912-亚马逊1600x1600-场景.jpg",1970426,d2549531bd4135f9855a073ea1a965e99e44264c34dc038d8e63b49a8624a730,.jpg
"assets/vendor-media/sok/approved-product-images/SOK Product Images/SK12V100PC,SK12V206PH, SK12V280H/SK12V206PH/240912-亚马逊1600x1600/240912-亚马逊1600x1600-对比.jpg",1763842,f150204bfff931b465af4aa3e109134a753aba09ad1065c6999764c7cf98a342,.jpg
"assets/vendor-media/sok/approved-product-images/SOK Product Images/SK12V100PC,SK12V206PH, SK12V280H/SK12V206PH/240912-亚马逊1600x1600/240912-亚马逊1600x1600-尺寸.jpg",1615923,d81c12ad526405eaec52e5e215fdc53edaf4dc5cedc75e2a1598b40d2ec3f78e,.jpg
"assets/vendor-media/sok/approved-product-images/SOK Product Images/SK12V100PC,SK12V206PH, SK12V280H/SK12V206PH/240912-亚马逊1600x1600/240912-亚马逊1600x1600-蓝牙.jpg",1790714,c77d80626f3fa7e2ee1cde5553aaf82b11573256af6319b364277df267f8fd8f,.jpg
"assets/vendor-media/sok/approved-product-images/SOK Product Images/SK12V100PC,SK12V206PH, SK12V280H/SK12V206PH/240913-206PH亚马逊1600x1600/240913-206PH亚马逊1600x1600-BMS.jpg",821306,36b723723b7087de607b0ee950447483e91a0bd420e477aacde16ea4c64afe66,.jpg
"assets/vendor-media/sok/approved-product-images/SOK Product Images/SK12V100PC,SK12V206PH, SK12V280H/SK12V206PH/240913-206PH亚马逊1600x1600/240913-206PH亚马逊1600x1600-主图.jpg",568975,e974c1f2cd9871bb00b03a8b04bfe7bd00648b8ae407cc1fa21916e054a14d89,.jpg
"assets/vendor-media/sok/approved-product-images/SOK Product Images/SK12V100PC,SK12V206PH, SK12V280H/SK12V206PH/240913-206PH亚马逊1600x1600/240913-206PH亚马逊1600x1600-加热.jpg",1375872,2fd87df45ac459637c90db99e918024c1622dfec4cbd7c56e96014f303e7f601,.jpg
"assets/vendor-media/sok/approved-product-images/SOK Product Images/SK12V100PC,SK12V206PH, SK12V280H/SK12V206PH/240913-206PH亚马逊1600x1600/240913-206PH亚马逊1600x1600-对比.jpg",1793080,abd6274e27757be74fcaabf214fd33c4f40fef4f881d5675a6c58588e8519c87,.jpg
"assets/vendor-media/sok/approved-product-images/SOK Product Images/SK12V100PC,SK12V206PH, SK12V280H/SK12V206PH/240913-206PH亚马逊1600x1600/240913-206PH亚马逊1600x1600-尺寸.jpg",1602551,3ef7fcab4f11ef92a4921264010c71b876803588cc8e5f38f103f0ba8ad5bd6d,.jpg
"assets/vendor-media/sok/approved-product-images/SOK Product Images/SK12V100PC,SK12V206PH, SK12V280H/SK12V206PH/240913-206PH亚马逊1600x1600/240913-206PH亚马逊1600x1600-蓝牙.jpg",1263290,5b26bbb5de7903a9efb31fef7e58caa441bd2b94ace339b850d55f3f84b2947c,.jpg
"assets/vendor-media/sok/approved-product-images/SOK Product Images/SK12V100PC,SK12V206PH, SK12V280H/SK12V206PH/240913-206PH亚马逊1600x1600/240913-206PH亚马逊1600x1600-防水.jpg",1915650,8d654459172a4465d65d5fce6f09253fee45acc207616172dd7bd5d0bfab464b,.jpg
"assets/vendor-media/sok/approved-product-images/SOK Product Images/SK12V100PC,SK12V206PH, SK12V280H/SK12V206PH/240918-亚马逊A+ 970x600/240918-亚马逊A+-970x600-BMS.jpg",317788,c27bcdef238aa9792431e0150c64c06c6bf43cbabcea4e0d3e6a1301b55e66c1,.jpg
"assets/vendor-media/sok/approved-product-images/SOK Product Images/SK12V100PC,SK12V206PH, SK12V280H/SK12V206PH/240918-亚马逊A+ 970x600/240918-亚马逊A+-970x600-串并联.jpg",471228,2c78b11f8dbf3a6e7c0244e8d426338e4974774cec6ca5b5c2d3ca804762578e,.jpg
"assets/vendor-media/sok/approved-product-images/SOK Product Images/SK12V100PC,SK12V206PH, SK12V280H/SK12V206PH/240918-亚马逊A+ 970x600/240918-亚马逊A+-970x600-加热.jpg",380566,2b93afa00043c722d0864dc1a46254c80d4eb62f6ba91fc0b5d25ab866c5b01b,.jpg
"assets/vendor-media/sok/approved-product-images/SOK Product Images/SK12V100PC,SK12V206PH, SK12V280H/SK12V206PH/240918-亚马逊A+ 970x600/240918-亚马逊A+-970x600-场景.jpg",460967,e0a09b5308bbbf9c1fb4bc83ea2fadb0ee081698fac7e9364d6afeb2e1c3c58d,.jpg
"assets/vendor-media/sok/approved-product-images/SOK Product Images/SK12V100PC,SK12V206PH, SK12V280H/SK12V206PH/240918-亚马逊A+ 970x600/240918-亚马逊A+-970x600-蓝牙.jpg",432347,652cf393dec8bbcfdd5ed12ac7c8ad7d9fe000c9292dc79fb2778329ec551804,.jpg
"assets/vendor-media/sok/approved-product-images/SOK Product Images/SK12V100PC,SK12V206PH, SK12V280H/SK12V206PH/240920-206PH亚马逊A+ 970x600/240920-206PH亚马逊A+-970x600-BMS.jpg",473174,fcaff96f2e88dfd13a2eb2b803f4e0a6f15879b3fd8866d8c38259ca17978b6b,.jpg
"assets/vendor-media/sok/approved-product-images/SOK Product Images/SK12V100PC,SK12V206PH, SK12V280H/SK12V206PH/240920-206PH亚马逊A+ 970x600/240920-206PH亚马逊A+-970x600-加热.jpg",317248,e58a2fdc2839c3305623c879e2ceb785f22c6e20a48b24de92fdf9a39776d28a,.jpg
"assets/vendor-media/sok/approved-product-images/SOK Product Images/SK12V100PC,SK12V206PH, SK12V280H/SK12V206PH/240920-206PH亚马逊A+ 970x600/240920-206PH亚马逊A+-970x600-场景.jpg",301847,e09caba629818417237ab60892501c4aeed9a2e5f78306c5872309044c7b4185,.jpg
"assets/vendor-media/sok/approved-product-images/SOK Product Images/SK12V100PC,SK12V206PH, SK12V280H/SK12V206PH/240920-206PH亚马逊A+ 970x600/240920-206PH亚马逊A+-970x600-蓝牙.jpg",367371,e650f78f52f162b64967018b70a712261488090717aaaf60cdf02fd828bbffea,.jpg
"assets/vendor-media/sok/approved-product-images/SOK Product Images/SK12V100PC,SK12V206PH, SK12V280H/SK12V206PH/240920-206PH亚马逊A+ 970x600/240920-206PH亚马逊A+-970x600-防水.jpg",440579,18de3565288a36681a5757e4e572070b9c8c0aa01da1805c38de151aeec0e214,.jpg
"assets/vendor-media/sok/approved-product-images/SOK Product Images/SK12V100PC,SK12V206PH, SK12V280H/SK12V206PH/250512 206H亚马逊1600x1600/1-优势卖点展示.jpg",1235983,38ecd229e56350f46307e103c58c4f0e681ae58e2fbdf88ba5d2fcaad4ce5d67,.jpg
"assets/vendor-media/sok/approved-product-images/SOK Product Images/SK12V100PC,SK12V206PH, SK12V280H/SK12V206PH/250512 206H亚马逊1600x1600/2-产品优势对比.jpg",729872,ee2ae1a0ea193bd6d8097fd1b6f57392c6784a93b9b146ab89133ba41fe7cb35,.jpg
"assets/vendor-media/sok/approved-product-images/SOK Product Images/SK12V100PC,SK12V206PH, SK12V280H/SK12V206PH/250512 206H亚马逊1600x1600/3-应用多场景图.jpg",1456913,33c3996f49a95b42905fd0b6d33943629d48584a567593b1d10826b8a66f8266,.jpg
"assets/vendor-media/sok/approved-product-images/SOK Product Images/SK12V100PC,SK12V206PH, SK12V280H/SK12V206PH/250512 206H亚马逊1600x1600/4-房车场景展示.jpg",1206316,07c6dad177577b7a09d64344056bf93e032ee234ee112ee3634ebce1197a905d,.jpg
"assets/vendor-media/sok/approved-product-images/SOK Product Images/SK12V100PC,SK12V206PH, SK12V280H/SK12V206PH/250512 206H亚马逊1600x1600/5-具体应用场景.jpg",615752,c43211deb626b97b9f123e75892919d81373867343ba0e79568c4ded4ea8abdd,.jpg
"assets/vendor-media/sok/approved-product-images/SOK Product Images/SK12V100PC,SK12V206PH, SK12V280H/SK12V206PH/250512 206H亚马逊1600x1600/6-低温运行.jpg",643824,958a4493811a55da7140a48e0cf54efb6e7d31f40c914f8f2618492999f20b45,.jpg
"assets/vendor-media/sok/approved-product-images/SOK Product Images/SK12V100PC,SK12V206PH, SK12V280H/SK12V206PH/250512 206H亚马逊1600x1600/7-尺寸-1.jpg",1130184,dc6e5e2e88b9b5f628744a6b6d10e4d3ebe39459e9c9b6894c5dfa305b0c5cea,.jpg
"assets/vendor-media/sok/approved-product-images/SOK Product Images/SK12V100PC,SK12V206PH, SK12V280H/SK12V206PH/250512 206H亚马逊1600x1600/7-尺寸-2.jpg",1304961,8ac6809fa3f54549f67893fcb0fb4293da3a4ba399d90af8a1150b957f72fcaa,.jpg
"assets/vendor-media/sok/approved-product-images/SOK Product Images/SK12V100PC,SK12V206PH, SK12V280H/SK12V206PH/250512 206H亚马逊1600x1600/8-禁止事项.jpg",430472,5d27dcc5e5943518986822df53e4115d2e34d6c3dc2a4a21fea2626820f71ac0,.jpg
"assets/vendor-media/sok/approved-product-images/SOK Product Images/SK12V100PC,SK12V206PH, SK12V280H/SK12V206PH/250514 206PH亚马逊1600x1600/1-优势卖点展示.jpg",1261219,3e3eace59912caf9472a85ef5235b0bdc95618dbf9856c69245dc69c4d022b3f,.jpg
"assets/vendor-media/sok/approved-product-images/SOK Product Images/SK12V100PC,SK12V206PH, SK12V280H/SK12V206PH/250514 206PH亚马逊1600x1600/2-产品优势对比.jpg",725959,6be58c4cd327fb5de776936e3a9e84bfa4454bb0ae051c6d88cbb14af89e75a5,.jpg
"assets/vendor-media/sok/approved-product-images/SOK Product Images/SK12V100PC,SK12V206PH, SK12V280H/SK12V206PH/250514 206PH亚马逊1600x1600/3-应用多场景图.jpg",1656122,992b50dd7ef25c675ba08f7b2dc0c6d0bafb6c6ddf042b9cf1c2f41fc6361ef9,.jpg
"assets/vendor-media/sok/approved-product-images/SOK Product Images/SK12V100PC,SK12V206PH, SK12V280H/SK12V206PH/250514 206PH亚马逊1600x1600/4-航海场景展示.jpg",1363289,bf3be9e4fca0d5153f0133ec9d765cb822e0a06427172c0458bc9952cc8ecb80,.jpg
"assets/vendor-media/sok/approved-product-images/SOK Product Images/SK12V100PC,SK12V206PH, SK12V280H/SK12V206PH/250514 206PH亚马逊1600x1600/5-具体应用场景.jpg",527798,3a7029d37b956a0b7b401efd1d4335264c9d45b5de830bcc5330dd46080a4ef3,.jpg
"assets/vendor-media/sok/approved-product-images/SOK Product Images/SK12V100PC,SK12V206PH, SK12V280H/SK12V206PH/250514 206PH亚马逊1600x1600/6-低温运行.jpg",1102501,7d88697f20a2414b4c8963d5ede9e2e567d318649650ef9db87cee76303c74c7,.jpg
"assets/vendor-media/sok/approved-product-images/SOK Product Images/SK12V100PC,SK12V206PH, SK12V280H/SK12V206PH/250514 206PH亚马逊1600x1600/7-尺寸-1.jpg",1110793,fac46762389c5ca477bd9b9130cfcb82d1e6e9427c91cf3f041604405dfb6553,.jpg
"assets/vendor-media/sok/approved-product-images/SOK Product Images/SK12V100PC,SK12V206PH, SK12V280H/SK12V206PH/250514 206PH亚马逊1600x1600/7-尺寸-2.jpg",1282315,a8e08d8414c74746a5ba003b1e87f243b5a1afaa9d5b15e16abb51b806688df5,.jpg
"assets/vendor-media/sok/approved-product-images/SOK Product Images/SK12V100PC,SK12V206PH, SK12V280H/SK12V206PH/250514 206PH亚马逊1600x1600/8-禁止事项.jpg",438361,f46cac972107538374b52f19116d46b74e42d6dfbebaa5acf2b0caa612593b66,.jpg
"assets/vendor-media/sok/approved-product-images/SOK Product Images/SK12V100PC,SK12V206PH, SK12V280H/SK12V206PH/250605 206H亚马逊1600x1600/1-优势卖点展示.jpg",650406,d8b302818c98f11fc369433c4ea5ee2bad4ac440bc63429aed55ad3cbe337127,.jpg
"assets/vendor-media/sok/approved-product-images/SOK Product Images/SK12V100PC,SK12V206PH, SK12V280H/SK12V206PH/250605 206H亚马逊1600x1600/4-房车场景展示.jpg",1257339,2144a01fff9ae335bd828fb28f9e06c93a64c0b839eda84bc8e144a9ac733693,.jpg
"assets/vendor-media/sok/approved-product-images/SOK Product Images/SK12V100PC,SK12V206PH, SK12V280H/SK12V206PH/250605 206H亚马逊1600x1600/5-具体应用场景.jpg",610480,3b459ee4683d0867819846d2481016f9305cddb959a31badcd752890fdc9aa6b,.jpg
"assets/vendor-media/sok/approved-product-images/SOK Product Images/SK12V100PC,SK12V206PH, SK12V280H/SK12V206PH/250605 206H亚马逊1600x1600/6-低温运行.jpg",657780,e8ec91fe114cbb40a5ddbbbcb345351debb38095179067f4d874d1b1a9c3c6e4,.jpg
"assets/vendor-media/sok/approved-product-images/SOK Product Images/SK12V100PC,SK12V206PH, SK12V280H/SK12V206PH/250605 206H亚马逊1600x1600/7-尺寸-1.jpg",1078247,9e39aab9b03bdd74786f40324b1fb95b4e473d061b662689e34982b8cda8a86f,.jpg
"assets/vendor-media/sok/approved-product-images/SOK Product Images/SK12V100PC,SK12V206PH, SK12V280H/SK12V206PH/250605 206H亚马逊1600x1600/7-尺寸-2.jpg",1294156,ebe28f94eb31ad2285ad0f99e86d5a6ba16012c5a5f1aa8c552aee491db076ae,.jpg
"assets/vendor-media/sok/approved-product-images/SOK Product Images/SK12V100PC,SK12V206PH, SK12V280H/SK12V206PH/250909-SK12V206PH详情页.jpg",3209402,311d28e4569fa91533ddc0e8daa1e217bf3e472b71d6c8e5a4e59d9a477fd32d,.jpg
"assets/vendor-media/sok/approved-product-images/SOK Product Images/SK12V100PC,SK12V206PH, SK12V280H/SK12V206PH/251104 206H亚马逊1600x1600/1-优势卖点展示.jpg",1061423,1a416081d40d5fe5382e184b546c8b02212e24ab71809ac02414966a78a66cd6,.jpg
"assets/vendor-media/sok/approved-product-images/SOK Product Images/SK12V100PC,SK12V206PH, SK12V280H/SK12V206PH/251104 206H亚马逊1600x1600/2-产品优势对比.jpg",788794,19f848f8374b5bf22d2fbcfe791aea8e0f2e42bfa1b3f2fe7633383bb305cb5a,.jpg
"assets/vendor-media/sok/approved-product-images/SOK Product Images/SK12V100PC,SK12V206PH, SK12V280H/SK12V206PH/251104 206H亚马逊1600x1600/3-应用多场景图.jpg",1817080,a09a99881bc59d5539174786e3f9a2e54c58ca1f1c354c9232459c7db583f7b9,.jpg
"assets/vendor-media/sok/approved-product-images/SOK Product Images/SK12V100PC,SK12V206PH, SK12V280H/SK12V206PH/251104 206H亚马逊1600x1600/4-房车场景展示.jpg",1936225,aa5eca6b25de7c50207ba2781ec2a3a1833380e8bbd6594947f9e2a86d60afbf,.jpg
"assets/vendor-media/sok/approved-product-images/SOK Product Images/SK12V100PC,SK12V206PH, SK12V280H/SK12V206PH/251104 206H亚马逊1600x1600/5-具体应用场景.jpg",1595986,019f8769ed6b8894bad752002ed36d10c3ae00205a25bb6a129606b3bfc06342,.jpg
"assets/vendor-media/sok/approved-product-images/SOK Product Images/SK12V100PC,SK12V206PH, SK12V280H/SK12V206PH/251104 206H亚马逊1600x1600/6-低温运行.jpg",1719731,e99cdbcc450469550d1af3e2d6ca1e5c696705833f70cc03bee31b27f7dab94b,.jpg
"assets/vendor-media/sok/approved-product-images/SOK Product Images/SK12V100PC,SK12V206PH, SK12V280H/SK12V206PH/251104 206H亚马逊1600x1600/7-尺寸.jpg",1469934,947a9979ec7a89e6765fe298856c0063ca58d0baa6c1a4de979204c3eb9d0e83,.jpg
"assets/vendor-media/sok/approved-product-images/SOK Product Images/SK12V100PC,SK12V206PH, SK12V280H/SK12V206PH/251104 206H亚马逊1600x1600/8-禁止事项.jpg",1246180,75477e1bbf065470d761b13e285d75c04fb7de0c18e1c062c417e9e1d4c39111,.jpg
"assets/vendor-media/sok/approved-product-images/SOK Product Images/SK12V100PC,SK12V206PH, SK12V280H/SK12V206PH/251104 206PH亚马逊1600x1600/1-优势卖点展示.jpg",1123658,f3644f0143a2e7c9cb8116d210185f6b8e64232d930908d9cc12fac27d0bf22f,.jpg
"assets/vendor-media/sok/approved-product-images/SOK Product Images/SK12V100PC,SK12V206PH, SK12V280H/SK12V206PH/251104 206PH亚马逊1600x1600/2-产品优势对比.jpg",804146,98bad7959a0d031e60871de09c58802c04d6dd7726f6f96ad74f7a5e378ae163,.jpg
"assets/vendor-media/sok/approved-product-images/SOK Product Images/SK12V100PC,SK12V206PH, SK12V280H/SK12V206PH/251104 206PH亚马逊1600x1600/3-应用多场景图.jpg",1793882,ceec15ea09b3fc8a884d966e0274065a14bcb87390ab5322cd77018e1101d0b2,.jpg
"assets/vendor-media/sok/approved-product-images/SOK Product Images/SK12V100PC,SK12V206PH, SK12V280H/SK12V206PH/251104 206PH亚马逊1600x1600/4-房车场景展示.jpg",1792572,3e2d5f8995d6eac08c8f5879f68c7a7e58bb04000d018abf1ba38270e09471f9,.jpg
"assets/vendor-media/sok/approved-product-images/SOK Product Images/SK12V100PC,SK12V206PH, SK12V280H/SK12V206PH/251104 206PH亚马逊1600x1600/5-具体应用场景.jpg",1672836,91120baa5b0b6f2d2bb1cdd8810a79a0f3df588eba1eadd683364e078cc86faf,.jpg
"assets/vendor-media/sok/approved-product-images/SOK Product Images/SK12V100PC,SK12V206PH, SK12V280H/SK12V206PH/251104 206PH亚马逊1600x1600/6-低温运行.jpg",1656092,a4aa98921503c462d9b96c1b70993449a13bef6c8132c6b10df670e9b2497aa1,.jpg
"assets/vendor-media/sok/approved-product-images/SOK Product Images/SK12V100PC,SK12V206PH, SK12V280H/SK12V206PH/251104 206PH亚马逊1600x1600/7-尺寸.jpg",1321890,12e9b183bef2af66432322b97d73736f857b810bfc7d2bde8707c9250fae21d5,.jpg
"assets/vendor-media/sok/approved-product-images/SOK Product Images/SK12V100PC,SK12V206PH, SK12V280H/SK12V206PH/251104 206PH亚马逊1600x1600/8-禁止事项.jpg",1011060,ba94058bc2ee992ed7d58e7dfb335a355290f9bab8f3a46a111e204865009817,.jpg
"assets/vendor-media/sok/approved-product-images/SOK Product Images/SK12V100PC,SK12V206PH, SK12V280H/SK12V206PH/251110 亚马逊A+ 1464x600/BMS.jpg",442970,725326135a2d0d4d5a87f989d33c9b15cf6f3e16eedcd100bd56e4829b9c1db9,.jpg
"assets/vendor-media/sok/approved-product-images/SOK Product Images/SK12V100PC,SK12V206PH, SK12V280H/SK12V206PH/251110 亚马逊A+ 1464x600/串并联.jpg",731139,84017fa3ab4e4886382f6e94b080d37294a0efefae78c495557717b17b0e03a9,.jpg
"assets/vendor-media/sok/approved-product-images/SOK Product Images/SK12V100PC,SK12V206PH, SK12V280H/SK12V206PH/251110 亚马逊A+ 1464x600/加热.jpg",541561,f52ebded5962c64c1389a83fb8875946a7868f4afaeafd6634b6d9acad9a33af,.jpg
"assets/vendor-media/sok/approved-product-images/SOK Product Images/SK12V100PC,SK12V206PH, SK12V280H/SK12V206PH/251110 亚马逊A+ 1464x600/场景.jpg",586063,978c39bee6cd0c5d583768ddf48bbcb65a2db378caac0a7e9ee2cfac558f22f2,.jpg
"assets/vendor-media/sok/approved-product-images/SOK Product Images/SK12V100PC,SK12V206PH, SK12V280H/SK12V206PH/251110 亚马逊A+ 1464x600/蓝牙.jpg",757406,7be52c13156e556251a60e5078ac7c6552bfcb7ccdb9c5c672541222993149b6,.jpg
"assets/vendor-media/sok/approved-product-images/SOK Product Images/SK12V100PC,SK12V206PH, SK12V280H/SK12V206PH/260317 206H亚马逊1464x600/1.jpg",770670,39d6c1a69c5d40f09db173c14fe62906cf8858ec574cd5e1263278766adfe437,.jpg
"assets/vendor-media/sok/approved-product-images/SOK Product Images/SK12V100PC,SK12V206PH, SK12V280H/SK12V206PH/260317 206H亚马逊1464x600/2.jpg",422036,6979adf61c79b4a36f8e2bfc7577b8745ebfaacfb4a66a87026ca5ff67516f42,.jpg
"assets/vendor-media/sok/approved-product-images/SOK Product Images/SK12V100PC,SK12V206PH, SK12V280H/SK12V206PH/260317 206H亚马逊1464x600/3.jpg",395313,4f64bfbc30a8c69dda4b8cfe8f6483badff676cec488823c86cbfcfd6b4202ca,.jpg
"assets/vendor-media/sok/approved-product-images/SOK Product Images/SK12V100PC,SK12V206PH, SK12V280H/SK12V206PH/260317 206H亚马逊1464x600/4.jpg",497094,2cfa72740be5a57020d78997187fbc97570ea6a85efdddf80f705de437b9f99f,.jpg
"assets/vendor-media/sok/approved-product-images/SOK Product Images/SK12V100PC,SK12V206PH, SK12V280H/SK12V206PH/260317 206H亚马逊1464x600/5.jpg",477707,58e76501b3ecd34e10e041c9123a4e33a1af5d3bc5c5a8b4a0eef034e3c5e1d7,.jpg
"assets/vendor-media/sok/approved-product-images/SOK Product Images/SK12V100PC,SK12V206PH, SK12V280H/SK12V206PH/260317 206H亚马逊1464x600/6.jpg",584381,07c5c6bc13adf6a80fb759030b6b86d038bd7ac2e2c8600350ec63d8b751b7f1,.jpg
"assets/vendor-media/sok/approved-product-images/SOK Product Images/SK12V100PC,SK12V206PH, SK12V280H/SK12V206PH/260317 206H亚马逊1464x600/7.jpg",596768,587f946ff6923275a8e88aa97b20b3b54442c31bee2f922e583fe326171e4b69,.jpg
"assets/vendor-media/sok/approved-product-images/SOK Product Images/SK12V100PC,SK12V206PH, SK12V280H/SK12V206PH/260317 206H亚马逊1464x600/8.jpg",1095217,40d69fa1f4791b5ecb9e038111a85a8761e27d7c732d503153e169bb5ac9ec30,.jpg
"assets/vendor-media/sok/approved-product-images/SOK Product Images/SK12V100PC,SK12V206PH, SK12V280H/SK12V206PH/260422 206H亚马逊600x450/1.jpg",288972,e4778def96f225f299b1ec7e2de5914204437d7623ef19446a61e95db3299348,.jpg
"assets/vendor-media/sok/approved-product-images/SOK Product Images/SK12V100PC,SK12V206PH, SK12V280H/SK12V206PH/260422 206H亚马逊600x450/2.jpg",170426,8768d8c9e7317c24671b2ca45d244ed0fdcd9a3f1f4339ac706a0ddfffe0e626,.jpg
"assets/vendor-media/sok/approved-product-images/SOK Product Images/SK12V100PC,SK12V206PH, SK12V280H/SK12V206PH/260422 206H亚马逊600x450/3.jpg",152054,5a7159aca8b196ca458f6aaf608b70b2c02ad54990aa36fc45745a84c3d77367,.jpg
"assets/vendor-media/sok/approved-product-images/SOK Product Images/SK12V100PC,SK12V206PH, SK12V280H/SK12V206PH/260422 206H亚马逊600x450/4.jpg",190458,5b89b32113e1b52b436d9708689112bd6fcbf4bad620ed6d04218cdb9e088166,.jpg
"assets/vendor-media/sok/approved-product-images/SOK Product Images/SK12V100PC,SK12V206PH, SK12V280H/SK12V206PH/260422 206H亚马逊600x450/5.jpg",174214,bd8cdead0421ed9f02ed9bde4fb84924f40e049aa1d7e12575a50395f3fbf4b9,.jpg
"assets/vendor-media/sok/approved-product-images/SOK Product Images/SK12V100PC,SK12V206PH, SK12V280H/SK12V206PH/260422 206H亚马逊600x450/6.jpg",199774,898ae888a2a873a9e60df73d01748138d8ec4b1b1676680166979ca59f0b76da,.jpg
"assets/vendor-media/sok/approved-product-images/SOK Product Images/SK12V100PC,SK12V206PH, SK12V280H/SK12V206PH/260422 206H亚马逊600x450/7.jpg",230411,d48783cb1cc428c94c5155a3f4ab215b656f68f14aca611bb79be5c2abc57aad,.jpg
"assets/vendor-media/sok/approved-product-images/SOK Product Images/SK12V100PC,SK12V206PH, SK12V280H/SK12V206PH/260422 206H亚马逊600x450/8.jpg",341693,e735aa2535cada45239443d3f467a1a371050d63e241b1ba3e414c28b443eff7,.jpg
"assets/vendor-media/sok/approved-product-images/SOK Product Images/SK12V100PC,SK12V206PH, SK12V280H/SK12V206PH/260529 206PH亚马逊1464x600/1.jpg",564276,b7e9c2bfc3e62b38f0d507f63e8ba06123b9166f37e8e64f2a1b10c83939388a,.jpg
"assets/vendor-media/sok/approved-product-images/SOK Product Images/SK12V100PC,SK12V206PH, SK12V280H/SK12V206PH/260529 206PH亚马逊1464x600/2.jpg",404462,49f758173bdee80dcb97995e55b05126d51cb5278b161e9cc767fad1dc7fca58,.jpg
"assets/vendor-media/sok/approved-product-images/SOK Product Images/SK12V100PC,SK12V206PH, SK12V280H/SK12V206PH/260529 206PH亚马逊1464x600/3.jpg",410840,0af8440c03668ba3c7b00565472d8d4fadb67abf10d1545899b23144a4591802,.jpg
"assets/vendor-media/sok/approved-product-images/SOK Product Images/SK12V100PC,SK12V206PH, SK12V280H/SK12V206PH/260529 206PH亚马逊1464x600/4.jpg",347446,1ac7308f7f759cd28fd3b37d89c55e78c9141368887817f7adc481bff3efce79,.jpg
"assets/vendor-media/sok/approved-product-images/SOK Product Images/SK12V100PC,SK12V206PH, SK12V280H/SK12V206PH/260529 206PH亚马逊1464x600/5.jpg",468916,d8557ed2fad8dc404fdc30c721d9df9ebfb2ac1711a67ab8bb39aebc2de0d8c0,.jpg
"assets/vendor-media/sok/approved-product-images/SOK Product Images/SK12V100PC,SK12V206PH, SK12V280H/SK12V206PH/260529 206PH亚马逊1464x600/6.jpg",774248,79aeb48ec42aac505f4f22f60631798c9a7a2b6f844ab03496c9f063311ec573,.jpg
"assets/vendor-media/sok/approved-product-images/SOK Product Images/SK12V100PC,SK12V206PH, SK12V280H/SK12V206PH/260529 206PH亚马逊1464x600/7.jpg",587690,a9a38709330981c6f92cd22347997a43822c0e9f74a3d1e292dd5a0838f0e6dd,.jpg
"assets/vendor-media/sok/approved-product-images/SOK Product Images/SK12V100PC,SK12V206PH, SK12V280H/SK12V206PH/260529 206PH亚马逊1464x600/8.jpg",836562,43a7ba9723cab5ae33437b5b2c430c3e6cbd13007b04ae4df073350fdffde6fa,.jpg
"assets/vendor-media/sok/approved-product-images/SOK Product Images/SK12V100PC,SK12V206PH, SK12V280H/SK12V206PH/260601 206PH亚马逊600x450/1.jpg",221137,c5ee541e71e73e7cdab8e7cee72ad0c261be0e61ec21b64c03f0b78d8901914d,.jpg
"assets/vendor-media/sok/approved-product-images/SOK Product Images/SK12V100PC,SK12V206PH, SK12V280H/SK12V206PH/260601 206PH亚马逊600x450/2.jpg",164775,6692ac9310ff37f6b9ad5c60e133a1089aa9f0626e750c9edb4061a7192e729c,.jpg
"assets/vendor-media/sok/approved-product-images/SOK Product Images/SK12V100PC,SK12V206PH, SK12V280H/SK12V206PH/260601 206PH亚马逊600x450/3.jpg",176790,15877c497192e530959648692bfe3ccf06cdf9b2482d721b669dd6d8394674f6,.jpg
"assets/vendor-media/sok/approved-product-images/SOK Product Images/SK12V100PC,SK12V206PH, SK12V280H/SK12V206PH/260601 206PH亚马逊600x450/4.jpg",137324,6f647f2194ba1e18b31f4399e7b5ea59b9a3cfa9d76e112f24b38303ac53d241,.jpg
"assets/vendor-media/sok/approved-product-images/SOK Product Images/SK12V100PC,SK12V206PH, SK12V280H/SK12V206PH/260601 206PH亚马逊600x450/5.jpg",188194,9adbd93246e3194b953fdbf1bf2e9e48526d333b6cf39127f6f69583d084a1e7,.jpg
"assets/vendor-media/sok/approved-product-images/SOK Product Images/SK12V100PC,SK12V206PH, SK12V280H/SK12V206PH/260601 206PH亚马逊600x450/6.jpg",240357,3a258339190c31cdfb25812cbbd6d86c9e9dc8e52031b31ce384813607f16e0b,.jpg
"assets/vendor-media/sok/approved-product-images/SOK Product Images/SK12V100PC,SK12V206PH, SK12V280H/SK12V206PH/260601 206PH亚马逊600x450/7.jpg",225678,596860c6873425ccc1b72c8ef0c071173e81b92ec25ea429e147aad56345d238,.jpg
"assets/vendor-media/sok/approved-product-images/SOK Product Images/SK12V100PC,SK12V206PH, SK12V280H/SK12V206PH/260601 206PH亚马逊600x450/8.jpg",279628,b01aa6b39e76565e5f99f7449c1dbf6904aee132fc625af90bbb3b8a9b969b59,.jpg
"assets/vendor-media/sok/approved-product-images/SOK Product Images/SK12V100PC,SK12V206PH, SK12V280H/SK12V206PH/安装实例/0BDC1813922B7D1BC6DC646000C743E2.png",667532,61e8f4d74dbd8e4d50dcd6f57d420df53a7fffdf968051a7a4d1a19d27c598fe,.png
"assets/vendor-media/sok/approved-product-images/SOK Product Images/SK12V100PC,SK12V206PH, SK12V280H/SK12V206PH/安装实例/313287582_9048135105212046_584641537623746041_n.jpeg",754778,a401e20ec73de333bf621458c99da34fa0f4b3a251c5b1300eb5cd03277f4b63,.jpeg
"assets/vendor-media/sok/approved-product-images/SOK Product Images/SK12V100PC,SK12V206PH, SK12V280H/SK12V206PH/安装实例/315292730_10224258287539814_9147701144377277820_n.jpeg",384312,9ac9e7dd59d2968ab1585c788214d23d0fb341b489fb9dd66e5c27d3976262d1,.jpeg
"assets/vendor-media/sok/approved-product-images/SOK Product Images/SK12V100PC,SK12V206PH, SK12V280H/SK12V206PH/安装实例/315768156_558772239592547_717110287904625422_n.jpeg",195823,5d0fcb66c67a57ad6effa0c3355150f60c6645f94843392defb43fb3b9813b81,.jpeg
"assets/vendor-media/sok/approved-product-images/SOK Product Images/SK12V100PC,SK12V206PH, SK12V280H/SK12V206PH/安装实例/316114204_558790262924078_871735969901985029_n.jpeg",307611,ddb782f6ef3e6655f204d807ceb3f7df04e80e8e2f14f85f7ddda33d2ca1e3b8,.jpeg
"assets/vendor-media/sok/approved-product-images/SOK Product Images/SK12V100PC,SK12V206PH, SK12V280H/SK12V206PH/安装实例/347096679_592195956040657_2791057442114492003_n.jpeg",405524,31ee309d8f379e4d76eca2e7a7d84c3bb238ad6914670150d17aa52bf28b9e0a,.jpeg
"assets/vendor-media/sok/approved-product-images/SOK Product Images/SK12V100PC,SK12V206PH, SK12V280H/SK12V206PH/安装实例/411971587_122124618524048489_9025826005251541079_n.jpeg",417179,f887b31e0bd71d5205341f95d09bab010042a3fb304dbd255e8144293cbb053b,.jpeg
"assets/vendor-media/sok/approved-product-images/SOK Product Images/SK12V100PC,SK12V206PH, SK12V280H/SK12V206PH/安装实例/416387993_17857631643092835_7088489707015438437_n.jpeg",241895,aac66b7e942d34c34314229c1c03d9315d97d38dad98689ac1cc0304f4ee234c,.jpeg
"assets/vendor-media/sok/approved-product-images/SOK Product Images/SK12V100PC,SK12V206PH, SK12V280H/SK12V206PH/安装实例/418583886_17857631634092835_1437839077665801893_n.jpeg",192445,5ac00ec6f9bf40a3364eb4b8756edae5f0535f1fbd9a949209edae885dec6710,.jpeg
"assets/vendor-media/sok/approved-product-images/SOK Product Images/SK12V100PC,SK12V206PH, SK12V280H/SK12V206PH/安装实例/429931883_122097060680230909_9024675181273234166_n.jpeg",360409,2fff874d2b595b215e961cc9ba3283d348c757fa669e2d1e79f1a51268cc019d,.jpeg
"assets/vendor-media/sok/approved-product-images/SOK Product Images/SK12V100PC,SK12V206PH, SK12V280H/SK12V206PH/安装实例/430101604_122097060458230909_7587147885158258121_n.jpeg",305508,d5e3705402d1fb2f7b89ebe66d44f0d6d13e72da8b49319f6b3933a8b819ab07,.jpeg
"assets/vendor-media/sok/approved-product-images/SOK Product Images/SK12V100PC,SK12V206PH, SK12V280H/SK12V206PH/安装实例/432783660_17881847328032717_6537984347729276526_n.jpg",218800,9dfec47ad27f6cbd5992334bba7f64dfa8d342820ec33171290347dd0f16b034,.jpg
"assets/vendor-media/sok/approved-product-images/SOK Product Images/SK12V100PC,SK12V206PH, SK12V280H/SK12V206PH/安装实例/435693944_17884486188032717_4202736528860630014_n.jpeg",190172,3c216439999ab45690729786c879ad77be000604b9b3e75582a136e83ac7676f,.jpeg
"assets/vendor-media/sok/approved-product-images/SOK Product Images/SK12V100PC,SK12V206PH, SK12V280H/SK12V206PH/安装实例/437516354_2711096912397005_3615585058886923498_n.jpeg",189252,ad14ce8a3ba1f117df9908f3123f4c25d34769ebf6ff8f0de61a728583fa74ed,.jpeg
"assets/vendor-media/sok/approved-product-images/SOK Product Images/SK12V100PC,SK12V206PH, SK12V280H/SK12V206PH/安装实例/445034367_10225952957758628_4138503771635663214_n.jpg",310417,1cef065be07ab26dd80e5a6afb7dc4686c40e1bd92ee9befcade0ff4cc50f9ff,.jpg
"assets/vendor-media/sok/approved-product-images/SOK Product Images/SK12V100PC,SK12V206PH, SK12V280H/SK12V206PH/安装实例/447764096_436095089202737_4002864351569699953_n.jpeg",358789,5bd1b9ff61c911556dafd6ff62cd5bc051e79f0d99c8f0397c68f7c571c72105,.jpeg
"assets/vendor-media/sok/approved-product-images/SOK Product Images/SK12V100PC,SK12V206PH, SK12V280H/SK12V206PH/安装实例/447776785_476967214896629_5800832685999451421_n.jpeg",243020,08636857f0d6db06031e0ea7c816af62859991b368d7aee8a241cc6961063e42,.jpeg
"assets/vendor-media/sok/approved-product-images/SOK Product Images/SK12V100PC,SK12V206PH, SK12V280H/SK12V206PH/安装实例/448464941_122149755620148613_5112835918825354621_n.jpeg",167185,c64a31024a040125ba2367fd111469c44e1eedb5b5a682a2dd4139b46fec259d,.jpeg
"assets/vendor-media/sok/approved-product-images/SOK Product Images/SK12V100PC,SK12V206PH, SK12V280H/SK12V206PH/安装实例/6707C30754E8ED7790A2492CECE577E1.png",138110,a822986e3c919995ada7536fc74970ef781982003b1a4da3f3066c2de62b41ea,.png
"assets/vendor-media/sok/approved-product-images/SOK Product Images/SK12V100PC,SK12V206PH, SK12V280H/SK12V206PH/安装实例/E4EFFED0FFAEABE54D43B989E31B459B.png",149164,b7a3b8de65d8dd2c234a7872ac8755f277d6c5620d6e3ae09006425eee63ba52,.png
"assets/vendor-media/sok/approved-product-images/SOK Product Images/SK12V100PC,SK12V206PH, SK12V280H/SK12V206PH/安装实例/PXL_20230727_031439353.jpg",2825693,032f3c1c9474376912c67870c6ec7ad6d7995a9ef8a16927cd22d5b28ba5ef77,.jpg
"assets/vendor-media/sok/approved-product-images/SOK Product Images/SK12V100PC,SK12V206PH, SK12V280H/SK12V206PH/安装实例/b11faf0f-e572-4984-b646-445c2f5ba5bd.jpg",447614,d0edfdb89cbe8b406c089032dfd8b20e94558db503a729c6864991bdbd5ed3f0,.jpg
"assets/vendor-media/sok/approved-product-images/SOK Product Images/SK12V100PC,SK12V206PH, SK12V280H/SK12V206PH/安装实例/greatoutdoorssolar_media_202403090340_3319429442853676226_61588859591.jpg",433100,65adba8063c4a2939e47cd26d6fbc5457ba06fe4eeb0f5b5ceae525be849ed66,.jpg
"assets/vendor-media/sok/approved-product-images/SOK Product Images/SK12V100PC,SK12V206PH, SK12V280H/SK12V206PH/安装实例/安装.jpeg",162822,789746e707a2b7859f239057d5dddfe72b2b179994d61fe25dbb4f2421c58117,.jpeg
"assets/vendor-media/sok/approved-product-images/SOK Product Images/SK12V100PC,SK12V206PH, SK12V280H/SK12V206PH/素材PNG/SK12V206 1.png",11821616,f2276f9879e8b02c3c939b447d3cb0d068f096c56917f16f6105ab74bca819a8,.png
"assets/vendor-media/sok/approved-product-images/SOK Product Images/SK12V100PC,SK12V206PH, SK12V280H/SK12V206PH/素材PNG/微信图片_20240626112558.png",2104042,2af8873c2835482b1bdedd63c0ec8866c14c87f014d44a577669f232dcfbde10,.png
"assets/vendor-media/sok/approved-product-images/SOK Product Images/SK12V100PC,SK12V206PH, SK12V280H/SK12V206PH/素材PNG/微信图片_20240703100307.png",43538754,2209a54d11d0312005f5fc9bd8fd7e42780212313263a6c904f084a80e3237a4,.png
"assets/vendor-media/sok/approved-product-images/SOK Product Images/SK12V100PC,SK12V206PH, SK12V280H/SK12V206PH/素材PNG/微信图片_20240703161508.png",9484150,76194b3694e029745530539742e42aebe1e554f9bd6377354df879bd3f698f35,.png
"assets/vendor-media/sok/approved-product-images/SOK Product Images/SK12V100PC,SK12V206PH, SK12V280H/SK12V206PH/素材PNG/微信图片_20240703171002.png",6838391,b13f6b96422e5e40fd5a307790e6787f6f46ce5df033886d2fa88e1770186b73,.png
"assets/vendor-media/sok/approved-product-images/SOK Product Images/SK12V100PC,SK12V206PH, SK12V280H/SK12V206PH/素材PNG/微信图片_20240704170253.png",9041580,5226060867f57e04ffc955665c9ce7317161d93dbdd72fe404c47f176fd6cb7e,.png
"assets/vendor-media/sok/approved-product-images/SOK Product Images/SK12V100PC,SK12V206PH, SK12V280H/SK12V206PH/素材PNG/微信图片_20240704171653.png",9609811,3f9b8880b85892f56cac9e62743552c176d53ddd09a247eeee7f9e91c7d0c80e,.png
"assets/vendor-media/sok/approved-product-images/SOK Product Images/SK12V100PC,SK12V206PH, SK12V280H/SK12V206PH/素材PNG/微信图片_20240704171946.png",13994327,2533064e4f83fb4f7f4a8757371c415e0d8c47e0ea4ea437f27c3141dcf145bc,.png
"assets/vendor-media/sok/approved-product-images/SOK Product Images/SK12V100PC,SK12V206PH, SK12V280H/SK12V206PH/素材PNG/微信图片_20240719101900.png",52839728,e413c94b315bca609b891418b6621af97dccbda67cbe2499b763ea2b2c057e0a,.png
"assets/vendor-media/sok/approved-product-images/SOK Product Images/SK12V100PC,SK12V206PH, SK12V280H/SK12V206PH/素材PNG/微信图片_20240719112330.png",4030035,5db4ef4888d3ea5945de338bd449b7ebf62cfa170b90fa1229bcb0a38575b71d,.png
"assets/vendor-media/sok/approved-product-images/SOK Product Images/SK12V100PC,SK12V206PH, SK12V280H/SK12V206PH/素材PNG/微信图片_20240807111422.png",7354074,ea06527451d80f6cd2b6e4a0d0615c85f92275ab8947426cd8442ec19a9369f9,.png
"assets/vendor-media/sok/approved-product-images/SOK Product Images/SK12V100PC,SK12V206PH, SK12V280H/SK12V206PH/素材PNG/微信图片_20240807111432.png",6358640,623f12dc6bbcd0fa48a21dc5108642a9ebee2a64d8c671af3ed64b18b37fc461,.png
"assets/vendor-media/sok/approved-product-images/SOK Product Images/SK12V100PC,SK12V206PH, SK12V280H/SK12V206PH/素材PNG/微信图片_20240913110759.png",15961360,e91da716d27a7655c72b9399c4233b8cfd343457072f3343a715c0d5874dab49,.png
"assets/vendor-media/sok/approved-product-images/SOK Product Images/SK12V100PC,SK12V206PH, SK12V280H/SK12V206PH/素材PNG/微信图片_20240913110831.png",66687207,636a2ac3a8d8e3db38cd98c38203b03b9be187903e6f88bd9845622abfb7289e,.png
"assets/vendor-media/sok/approved-product-images/SOK Product Images/SK12V100PC,SK12V206PH, SK12V280H/SK12V206PH/素材PNG/微信图片_20240913113959.png",12249961,41ec1690871484f8c8c124ed46e8e70c4ff134ce91c7879043e156af5288acdb,.png
"assets/vendor-media/sok/approved-product-images/SOK Product Images/SK12V100PC,SK12V206PH, SK12V280H/SK12V206PH/素材PNG/微信图片_20240919112813.png",5187804,87596b9b9a7bd8f1538e1e269e2d0b51ebcfb48d63da21bdb72abbdf28c65a15,.png
"assets/vendor-media/sok/approved-product-images/SOK Product Images/SK12V100PC,SK12V206PH, SK12V280H/SK12V206PH/素材PNG/微信图片_20240919140247.png",7916768,3a514dd695c137662fe9f5a825965163857a47aeb94b53459477b6210db51f0e,.png
"assets/vendor-media/sok/approved-product-images/SOK Product Images/SK12V100PC,SK12V206PH, SK12V280H/SK12V206PH/素材PNG/微信图片_20240919144906.png",8300387,ccd3202deb5ec3e80cb5576e61fb8072455943201db04a396e4564c9494448e6,.png
"assets/vendor-media/sok/approved-product-images/SOK Product Images/SK12V100PC,SK12V206PH, SK12V280H/SK12V206PH/素材PNG/微信图片_20240919144911.png",8365690,04e85b92a713f071a7ab226143ea1fbb03506365820aa1efea6be58023934a12,.png
"assets/vendor-media/sok/approved-product-images/SOK Product Images/SK12V100PC,SK12V206PH, SK12V280H/SK12V206PH/素材PNG/微信图片_20240919151014.png",8280413,ef31674d2c5bade6cf94df4b4a59a0f99cf3c213b0c547523bc6720a0912983f,.png
"assets/vendor-media/sok/approved-product-images/SOK Product Images/SK12V100PC,SK12V206PH, SK12V280H/SK12V206PH/素材PNG/微信图片_20240920092326.png",6324653,50f2a489a5a16bcd52449d4eca92f290a18d646411ad5f6cbd8054eaaa2141ac,.png
"assets/vendor-media/sok/approved-product-images/SOK Product Images/SK12V100PC,SK12V206PH, SK12V280H/SK12V206PH/素材PNG/微信图片_20240920092331.png",2292089,7f3527636f0e125565746f989a8cd3163ceb297ca27c8ac61cb2eea3df6ab7cb,.png
"assets/vendor-media/sok/approved-product-images/SOK Product Images/SK12V100PC,SK12V206PH, SK12V280H/SK12V206PH/素材PNG/微信图片_20240920092335.png",3080789,37a454eb5f7d0c3dcc80ee6379bd1312aea9f5707bf9b8f8918f6360a857b618,.png
"assets/vendor-media/sok/approved-product-images/SOK Product Images/SK12V100PC,SK12V206PH, SK12V280H/SK12V206PH/素材PNG/微信图片_20240920092352.png",6551547,220d002ed6b9e238dd8945d5bb12cdb59cdfb4d1efc734ae9dbc31fbd27f9bce,.png
"assets/vendor-media/sok/approved-product-images/SOK Product Images/SK12V100PC,SK12V206PH, SK12V280H/SK12V206PH/素材PNG/微信图片_20240920092355.png",5227615,0c726715f067823e0a99ad63c44afdd1cdf3d1f1a8c856b006afa550689bf7a0,.png
"assets/vendor-media/sok/approved-product-images/SOK Product Images/SK12V100PC,SK12V206PH, SK12V280H/SK12V206PH/素材PNG/微信图片_20240920092400.png",33654199,cc788f54d54d61704c9044125acbfbb4de6fb1e570acdb4111f5dfa27fec64f0,.png
"assets/vendor-media/sok/approved-product-images/SOK Product Images/SK12V100PC,SK12V206PH, SK12V280H/SK12V206PH/素材PNG/微信图片_20241112100848.png",2064932,ab256b8eeb83833c1df861816b89ae926f63f5ce131ab633c106b65825ea1336,.png
"assets/vendor-media/sok/approved-product-images/SOK Product Images/SK12V100PC,SK12V206PH, SK12V280H/SK12V206PH/素材PNG/微信图片_20241112100856.png",2261720,5a113bf2a90a54426f242b8bfd9f2be27641310bcef0632fbd3aa1111799954b,.png
"assets/vendor-media/sok/approved-product-images/SOK Product Images/SK12V100PC,SK12V206PH, SK12V280H/SK12V206PH/素材PNG/微信图片_20241220170555.png",5139297,366285bca6054a3c6d213f1247f68550a1384e6460191791f20887c72a4eae40,.png
"assets/vendor-media/sok/approved-product-images/SOK Product Images/SK12V100PC,SK12V206PH, SK12V280H/SK12V280/240415 推广图.jpg",567043,839be26bea4a9a70df5571e83f324e2b475bad0096b591ae703357ed8c4f1937,.jpg
"assets/vendor-media/sok/approved-product-images/SOK Product Images/SK12V100PC,SK12V206PH, SK12V280H/SK12V280/240423 主图1200x1200/240423 主图1200x1200 (1).jpg",187272,ad54b67b522cac617fbf64b7c26a4cbbbf1431c546a512276d99a32092025d21,.jpg
"assets/vendor-media/sok/approved-product-images/SOK Product Images/SK12V100PC,SK12V206PH, SK12V280H/SK12V280/240423 主图1200x1200/240423 主图1200x1200 (2).jpg",223843,192be5e33b22b9f15093c3f2ccdc135295199e9e721d90ac03acc298da9dc8b6,.jpg
"assets/vendor-media/sok/approved-product-images/SOK Product Images/SK12V100PC,SK12V206PH, SK12V280H/SK12V280/240423 主图1200x1200/240423 主图1200x1200 (3).jpg",323585,f37c3e0a05a9b6bbfb38fc5208ebca78af241c276154c8d6e0492fe8ab16010a,.jpg
"assets/vendor-media/sok/approved-product-images/SOK Product Images/SK12V100PC,SK12V206PH, SK12V280H/SK12V280/240423 主图1200x1200/240423 主图1200x1200 (4).jpg",356368,c40d619d726d0f68ee712caec550efd921815d343e16692c8c30729b8aacb951,.jpg
"assets/vendor-media/sok/approved-product-images/SOK Product Images/SK12V100PC,SK12V206PH, SK12V280H/SK12V280/240423 主图1200x1200/240423 主图1200x1200 (5).jpg",123583,ea3be6296019ea53e70b6aeaae19bd7169806edf4f4a52d17b97aafaadb26114,.jpg
"assets/vendor-media/sok/approved-product-images/SOK Product Images/SK12V100PC,SK12V206PH, SK12V280H/SK12V280/240423 主图1200x1200/240423 主图1200x1200 (6).jpg",132254,c9d63844e8fde3f4cc0fec4172ef90943c78ea9a1ade60b122c9b436a151d156,.jpg
"assets/vendor-media/sok/approved-product-images/SOK Product Images/SK12V100PC,SK12V206PH, SK12V280H/SK12V280/240423 主图1200x1200/240423 主图1200x1200 (7).jpg",202150,3a5df17dafa22570aec352cb29c433f616ca358452aa7e98f2eddc8cadd6ad9e,.jpg
"assets/vendor-media/sok/approved-product-images/SOK Product Images/SK12V100PC,SK12V206PH, SK12V280H/SK12V280/240425 亚马逊A+ 970x600/240425 亚马逊A+ 970x600 (1).jpg",105087,84e10890be476dabed53a03fbcd7eb49ad5d3f8e7526705bbcef38dd8ea42b22,.jpg
"assets/vendor-media/sok/approved-product-images/SOK Product Images/SK12V100PC,SK12V206PH, SK12V280H/SK12V280/240425 亚马逊A+ 970x600/240425 亚马逊A+ 970x600 (2).jpg",119750,319ca5283897f7b4fe0c3f24df425beb0f642193d88d611cc40661b40f9e8aef,.jpg
"assets/vendor-media/sok/approved-product-images/SOK Product Images/SK12V100PC,SK12V206PH, SK12V280H/SK12V280/240425 亚马逊A+ 970x600/240425 亚马逊A+ 970x600 (3).jpg",172675,11690e8d9b62496dd1663ee2e885c281089153571066e2414fca5f65a65a43f4,.jpg
"assets/vendor-media/sok/approved-product-images/SOK Product Images/SK12V100PC,SK12V206PH, SK12V280H/SK12V280/240425 亚马逊A+ 970x600/240425 亚马逊A+ 970x600 (4).jpg",101145,411943800b18aa23a73bb4a94623f396267102e3187caa3c16f54afad21f23d0,.jpg
"assets/vendor-media/sok/approved-product-images/SOK Product Images/SK12V100PC,SK12V206PH, SK12V280H/SK12V280/240425 亚马逊A+ 970x600/240425 亚马逊A+ 970x600 (5).jpg",140989,fbd7ec8a91fd3d0c14660cdc152d8c3bd2227b5024b9704b9581f42b7e48102a,.jpg
"assets/vendor-media/sok/approved-product-images/SOK Product Images/SK12V100PC,SK12V206PH, SK12V280H/SK12V280/240425 亚马逊A+ 970x600/240425 亚马逊A+ 970x600 (6).jpg",62721,fc67b2f9e522a557e937027a3c62e4ab682fe9fc02961fc731e9474cc91a0d79,.jpg
"assets/vendor-media/sok/approved-product-images/SOK Product Images/SK12V100PC,SK12V206PH, SK12V280H/SK12V280/240425 亚马逊A+ 970x600/240425 亚马逊A+ 970x600 (7).jpg",123503,5741f2ae0e90678240a2318ed21ac6ece41d7cd20f24a3ab80633c8b686876d6,.jpg
"assets/vendor-media/sok/approved-product-images/SOK Product Images/SK12V100PC,SK12V206PH, SK12V280H/SK12V280/240425 亚马逊A+ 970x600/240425 亚马逊A+ 970x600 (8).jpg",183302,5143053dee6337b07c6b598c16365716445558a8b2b063e9ef66c25947893766,.jpg
"assets/vendor-media/sok/approved-product-images/SOK Product Images/SK12V100PC,SK12V206PH, SK12V280H/SK12V280/240703-主图1600x1600/240703-主图1600x1600-加热.jpg",1830136,8750e59bd7c5f176992d2aaa8fd44a6e673d5827512eede1c1bb165eb15e3d06,.jpg
"assets/vendor-media/sok/approved-product-images/SOK Product Images/SK12V100PC,SK12V206PH, SK12V280H/SK12V280/240703-主图1600x1600/240703-主图1600x1600-安装.jpg",1538765,33c798c940afd7c214361665fde6e1f65c81c345519510d6b4a774042756bb4a,.jpg
"assets/vendor-media/sok/approved-product-images/SOK Product Images/SK12V100PC,SK12V206PH, SK12V280H/SK12V280/240703-主图1600x1600/240703-主图1600x1600-对比.jpg",949192,ea394156b734fb7f05f5da96bd5bef8d7513ab2f602d83937b5455a738ca6297,.jpg
"assets/vendor-media/sok/approved-product-images/SOK Product Images/SK12V100PC,SK12V206PH, SK12V280H/SK12V280/240703-主图1600x1600/240703-主图1600x1600-尺寸.jpg",908296,e9f1045529ce8df0a077e8cd8f08e782549b71089d2854033851be96dab3b16a,.jpg
"assets/vendor-media/sok/approved-product-images/SOK Product Images/SK12V100PC,SK12V206PH, SK12V280H/SK12V280/240703-主图1600x1600/240703-主图1600x1600-拆卸.jpg",1071292,c4457736ba91ea69dedfb0ff78329c1fe502b7a1d0f302f9c704273f02c3e58a,.jpg
"assets/vendor-media/sok/approved-product-images/SOK Product Images/SK12V100PC,SK12V206PH, SK12V280H/SK12V280/240703-主图1600x1600/240703-主图1600x1600-蓝牙.jpg",1523470,3b559560e30a05968e7ff1c72b40d52933e19aa36f3f47d7a176672aa669ff2c,.jpg
"assets/vendor-media/sok/approved-product-images/SOK Product Images/SK12V100PC,SK12V206PH, SK12V280H/SK12V280/240904-亚马逊1600x1600/240904-亚马逊1600x1600 BMS拆卸.jpg",1070939,9149868e5f82859a2f45be3bdd1b7a6e05e0dca604809671667ab4282af19c96,.jpg
"assets/vendor-media/sok/approved-product-images/SOK Product Images/SK12V100PC,SK12V206PH, SK12V280H/SK12V280/240904-亚马逊1600x1600/240904-亚马逊1600x1600 加热.jpg",1469466,65bf00e0da6556466f314da156f1c2ba3e897434c286e2a3394190c306fb9e55,.jpg
"assets/vendor-media/sok/approved-product-images/SOK Product Images/SK12V100PC,SK12V206PH, SK12V280H/SK12V280/240904-亚马逊1600x1600/240904-亚马逊1600x1600 场景.jpg",2151487,931940049e01c7fcae2d61e7c6b210ac0698ff4a6d9485902c82e2dcb0bc4f30,.jpg
"assets/vendor-media/sok/approved-product-images/SOK Product Images/SK12V100PC,SK12V206PH, SK12V280H/SK12V280/240904-亚马逊1600x1600/240904-亚马逊1600x1600 对比.jpg",2024560,82173133516ffa2bffcaefd930cd54ba922099077255d9042d79510ebf7a25c2,.jpg
"assets/vendor-media/sok/approved-product-images/SOK Product Images/SK12V100PC,SK12V206PH, SK12V280H/SK12V280/240904-亚马逊1600x1600/240904-亚马逊1600x1600 尺寸.jpg",1448097,d1f5961c0217615102222b1791b15357619dc7a0a386fda3300e0341b98e3ae9,.jpg
"assets/vendor-media/sok/approved-product-images/SOK Product Images/SK12V100PC,SK12V206PH, SK12V280H/SK12V280/240904-亚马逊1600x1600/240904-亚马逊1600x1600 蓝牙.jpg",1452555,603630f975df5ecb80c95af9f8ca9eb74337d3c75efe4d8f4233bdda47f52f85,.jpg
"assets/vendor-media/sok/approved-product-images/SOK Product Images/SK12V100PC,SK12V206PH, SK12V280H/SK12V280/240904-亚马逊1600x1600/240904-亚马逊1600x1600.jpg",612854,22fa95a8b1711971bf46f2c84958ad036003d31969b3b5ba9da2b67c51f0b740,.jpg
"assets/vendor-media/sok/approved-product-images/SOK Product Images/SK12V100PC,SK12V206PH, SK12V280H/SK12V280/240918 亚马逊A+ 970x600/240918-亚马逊A+-970x600-BMS.jpg",320662,f07d712cceb0140348d58d7c572bdc1ed675b27d380aa5c30390bac92412afa8,.jpg
"assets/vendor-media/sok/approved-product-images/SOK Product Images/SK12V100PC,SK12V206PH, SK12V280H/SK12V280/240918 亚马逊A+ 970x600/240918-亚马逊A+-970x600-串并联.jpg",391515,cd5a1e286b820c431182f80e0f31e24725acc2a74b7adbeed1a4a53addd3d05e,.jpg
"assets/vendor-media/sok/approved-product-images/SOK Product Images/SK12V100PC,SK12V206PH, SK12V280H/SK12V280/240918 亚马逊A+ 970x600/240918-亚马逊A+-970x600-加热.jpg",392346,bf14abbf09bce4025a6e33cea99133c467e5ae87ad0ec995dae3ce1c3c710ff2,.jpg
"assets/vendor-media/sok/approved-product-images/SOK Product Images/SK12V100PC,SK12V206PH, SK12V280H/SK12V280/240918 亚马逊A+ 970x600/240918-亚马逊A+-970x600-场景.jpg",559790,07835188a03a646d772ef67c670c9e0a3d0d90a57ce7badd86813e54c10d2a40,.jpg
"assets/vendor-media/sok/approved-product-images/SOK Product Images/SK12V100PC,SK12V206PH, SK12V280H/SK12V280/240918 亚马逊A+ 970x600/240918-亚马逊A+-970x600-蓝牙.jpg",427374,2fdf1f14e9f547cbbbe55b102276aa2c79fdd7a3c64c7569568d5aa71e611bc8,.jpg
"assets/vendor-media/sok/approved-product-images/SOK Product Images/SK12V100PC,SK12V206PH, SK12V280H/SK12V280/241217-banner-1920x770.jpg",234138,2c7b45b4fe9a2929e70199d9bd93be60653d15ba5db24c4f1a86448e2009f095,.jpg
"assets/vendor-media/sok/approved-product-images/SOK Product Images/SK12V100PC,SK12V206PH, SK12V280H/SK12V280/250211-12V280-banner.jpg",526749,3a21556dd100fb147d18799f127d3b3db7474ab30dd40c863d55926b4864bbc0,.jpg
"assets/vendor-media/sok/approved-product-images/SOK Product Images/SK12V100PC,SK12V206PH, SK12V280H/SK12V280/250212-12V280-推广图.jpg",1056378,311d7c8732237addcc7cf4e6157db030e071c809d74fa7bec40d5d434142aa51,.jpg
"assets/vendor-media/sok/approved-product-images/SOK Product Images/SK12V100PC,SK12V206PH, SK12V280H/SK12V280/250217-12V280社媒推广图2000x2000.jpg",1217980,29023e3f7f08dcdfe85645653f00fc6e581a1d6ff24bbeb646e31d3d6bd539a2,.jpg
"assets/vendor-media/sok/approved-product-images/SOK Product Images/SK12V100PC,SK12V206PH, SK12V280H/SK12V280/250507 亚马逊1600x1600/1-优势卖点展示.jpg",1270831,3f8d84d0d2426b261d5c4d5d50d572b8fe784b33e1bb0ddb7ffed25964335787,.jpg
"assets/vendor-media/sok/approved-product-images/SOK Product Images/SK12V100PC,SK12V206PH, SK12V280H/SK12V280/250507 亚马逊1600x1600/2-产品优势对比.jpg",703134,bd623d190a7d188488a2f85b96e06c759f1cb7516fb26db022e8f6320ce1d311,.jpg
"assets/vendor-media/sok/approved-product-images/SOK Product Images/SK12V100PC,SK12V206PH, SK12V280H/SK12V280/250507 亚马逊1600x1600/3-应用多场景图.jpg",1466099,22ae27bc12bee9991b896b5233724122bb4a17d5e937fcadf829480c9edf8ab0,.jpg
"assets/vendor-media/sok/approved-product-images/SOK Product Images/SK12V100PC,SK12V206PH, SK12V280H/SK12V280/250507 亚马逊1600x1600/4-房车场景展示.jpg",1251132,d73516453e13a87fff3bfc797d67c33008211bf6af0db8099bc64f1abda70325,.jpg
"assets/vendor-media/sok/approved-product-images/SOK Product Images/SK12V100PC,SK12V206PH, SK12V280H/SK12V280/250507 亚马逊1600x1600/5-具体应用场景.jpg",639401,72dbb85310106101ee21ac0c4b33e9b33d8bb289db44991e96d35417933f1bff,.jpg
"assets/vendor-media/sok/approved-product-images/SOK Product Images/SK12V100PC,SK12V206PH, SK12V280H/SK12V280/250507 亚马逊1600x1600/6-低温运行.jpg",655645,502a0a34e960776a234dafffb58635cb97ef26e5c75e96bf2e557542988a3a41,.jpg
"assets/vendor-media/sok/approved-product-images/SOK Product Images/SK12V100PC,SK12V206PH, SK12V280H/SK12V280/250507 亚马逊1600x1600/7-尺寸-1.jpg",1135992,b4751b850606acfda1fb0a1c88da005724accab9bd6c7a7a782668d4f7679b67,.jpg
"assets/vendor-media/sok/approved-product-images/SOK Product Images/SK12V100PC,SK12V206PH, SK12V280H/SK12V280/250507 亚马逊1600x1600/7-尺寸-2.jpg",1159145,ccec62c44e197a0ca8b48b73d77d9c40424aafe7b5e2f6b4b1cd65b123f868a9,.jpg
"assets/vendor-media/sok/approved-product-images/SOK Product Images/SK12V100PC,SK12V206PH, SK12V280H/SK12V280/250507 亚马逊1600x1600/8-禁止事项.jpg",447982,27078ebb46c3dc6c7c98813c259b49a6282195d6f8f9e82d961d3a219c0ab508,.jpg
"assets/vendor-media/sok/approved-product-images/SOK Product Images/SK12V100PC,SK12V206PH, SK12V280H/SK12V280/250903-SK12V280H详情页.jpg",1982103,f67134fb14bb0285b41d7da109535dfec71dd0beab9c14d3ae21b87374320619,.jpg
"assets/vendor-media/sok/approved-product-images/SOK Product Images/SK12V100PC,SK12V206PH, SK12V280H/SK12V280/251104 280H亚马逊1600x1600/1-优势卖点展示.jpg",1075357,3a4c76fbcec7548ca4f6690dfd96890bf5267daac74bfc0725d751c0023edfea,.jpg
"assets/vendor-media/sok/approved-product-images/SOK Product Images/SK12V100PC,SK12V206PH, SK12V280H/SK12V280/251104 280H亚马逊1600x1600/2-产品优势对比.jpg",980821,323cf05f18611e0e4f41b0f3382b5a696427440baa73152ecbf22881fa60a3aa,.jpg
"assets/vendor-media/sok/approved-product-images/SOK Product Images/SK12V100PC,SK12V206PH, SK12V280H/SK12V280/251104 280H亚马逊1600x1600/3-应用多场景图.jpg",1820311,3b24a700f0e4135686cdba66850e8511963e0affdb9f64b625bc008e5c8c4765,.jpg
"assets/vendor-media/sok/approved-product-images/SOK Product Images/SK12V100PC,SK12V206PH, SK12V280H/SK12V280/251104 280H亚马逊1600x1600/4-房车场景展示.jpg",1931663,9a7e74414d37212dcb69f8a8022bcd541feb367bfb2cd6a4dcbed1b4c617f8cc,.jpg
"assets/vendor-media/sok/approved-product-images/SOK Product Images/SK12V100PC,SK12V206PH, SK12V280H/SK12V280/251104 280H亚马逊1600x1600/5-具体应用场景.jpg",1617914,a279ac42a182a76523c6eace51534fdd52c9da047dd9aa9ebfd5ce83669b1160,.jpg
"assets/vendor-media/sok/approved-product-images/SOK Product Images/SK12V100PC,SK12V206PH, SK12V280H/SK12V280/251104 280H亚马逊1600x1600/6-低温运行.jpg",1649313,26f099115b4d4621916cdbffc16c733a12df99e4edc6fea8a9b54999be9badff,.jpg
"assets/vendor-media/sok/approved-product-images/SOK Product Images/SK12V100PC,SK12V206PH, SK12V280H/SK12V280/251104 280H亚马逊1600x1600/7-尺寸.jpg",1429395,cd7fc9610f5b6892038e0d2b9243de4bba17a73dddfcaaa7ad17b5ad2a95d9c0,.jpg
"assets/vendor-media/sok/approved-product-images/SOK Product Images/SK12V100PC,SK12V206PH, SK12V280H/SK12V280/251104 280H亚马逊1600x1600/8-禁止事项.jpg",1253876,18ff41d2451d081c03f5ffb964ccd85ae66d3f3ec2ab40780a062454fa55da1a,.jpg
"assets/vendor-media/sok/approved-product-images/SOK Product Images/SK12V100PC,SK12V206PH, SK12V280H/SK12V280/260727-SK12V280H-1464x600/260727-SK12V280H-1464x600px-1.jpg",246982,13c159a1af91f5c67a9bcf689f18e2dd9d1c7ea149364262176d9c2ecb85741f,.jpg
"assets/vendor-media/sok/approved-product-images/SOK Product Images/SK12V100PC,SK12V206PH, SK12V280H/SK12V280/260727-SK12V280H-1464x600/260727-SK12V280H-1464x600px-2.jpg",218323,70d2a92a8af6a4b4a2be2df07db204dbdac9f092996e316e77437e4ee6d40785,.jpg
"assets/vendor-media/sok/approved-product-images/SOK Product Images/SK12V100PC,SK12V206PH, SK12V280H/SK12V280/260727-SK12V280H-1464x600/260727-SK12V280H-1464x600px-3.jpg",167059,9bf16ec5de206f81aabff294b1f9cb14f571772bfdab0a3a2eaf1527762c11b7,.jpg
"assets/vendor-media/sok/approved-product-images/SOK Product Images/SK12V100PC,SK12V206PH, SK12V280H/SK12V280/260727-SK12V280H-1464x600/260727-SK12V280H-1464x600px-4.jpg",167794,79553bb5584e01a4de03bd93841e6bc58f10cbbd28799f91efd1cd793d300373,.jpg
"assets/vendor-media/sok/approved-product-images/SOK Product Images/SK12V100PC,SK12V206PH, SK12V280H/SK12V280/260727-SK12V280H-1464x600/260727-SK12V280H-1464x600px-42.jpg",199377,210887bc9343660e8b779b7d07e5247ba455099f3bb8c35c8642e393f94a2697,.jpg
"assets/vendor-media/sok/approved-product-images/SOK Product Images/SK12V100PC,SK12V206PH, SK12V280H/SK12V280/260727-SK12V280H-1464x600/260727-SK12V280H-1464x600px-5.jpg",150274,ce015fd1e8f92d7691bac4b88c2cfb0eb6a5c15b6efdff6a3c453c76c67d39e5,.jpg
"assets/vendor-media/sok/approved-product-images/SOK Product Images/SK12V100PC,SK12V206PH, SK12V280H/SK12V280/260727-SK12V280H-1464x600/260727-SK12V280H-1464x600px-6.jpg",163950,cd05ba85fdc23309ad66cf1b847fcb1c5a0242b6161e0bc0c24c983d0fdf910c,.jpg
"assets/vendor-media/sok/approved-product-images/SOK Product Images/SK12V100PC,SK12V206PH, SK12V280H/SK12V280/260727-SK12V280H-1464x600/260727-SK12V280H-1464x600px-62.jpg",176398,404cde1df13630840c2b91f26c84f65af567ceaaf9d12b923a95221ec1f1396f,.jpg
"assets/vendor-media/sok/approved-product-images/SOK Product Images/SK12V100PC,SK12V206PH, SK12V280H/SK12V280/260727-SK12V280H-1464x600/260727-SK12V280H-1464x600px-7.jpg",179263,6e9a1c5f050cedc365e97c847ce17264a7ef0f33796da055ffedf25dedb82287,.jpg
"assets/vendor-media/sok/approved-product-images/SOK Product Images/SK12V100PC,SK12V206PH, SK12V280H/SK12V280/260727-SK12V280H-1464x600/260727-SK12V280H-1464x600px-8.jpg",205371,93a001b51b677c176cada4946ce0d2567fea219c2bce27b800f2772ce5ce8bc1,.jpg
"assets/vendor-media/sok/approved-product-images/SOK Product Images/SK12V100PC,SK12V206PH, SK12V280H/SK12V280/260727-SK12V280H-1464x600/260727-SK12V280H-1464x600px2-2.jpg",212540,f7a359ace59bf0e349c9b020d8594cb8ebd4fd6cafb3997aa4b06a4902f102b6,.jpg
"assets/vendor-media/sok/approved-product-images/SOK Product Images/SK12V100PC,SK12V206PH, SK12V280H/SK12V280/260727-SK12V280H-1464x600/260727-SK12V280H-1464x600px2-3.jpg",128293,58bdd9a088964f2c864af0fd2f4081a1b09e3e7940afa9f6c42e734b6e7628e7,.jpg
"assets/vendor-media/sok/approved-product-images/SOK Product Images/SK12V100PC,SK12V206PH, SK12V280H/SK12V280/260803 SK12V280H 600x450px/260803-SK12V280H-600x450px-1.jpg",74206,ceaf6e5d598757938209de13c1c1ccd65bd99d47e21ac92634f03e0287c5ac97,.jpg
"assets/vendor-media/sok/approved-product-images/SOK Product Images/SK12V100PC,SK12V206PH, SK12V280H/SK12V280/260803 SK12V280H 600x450px/260803-SK12V280H-600x450px-2.jpg",51755,075d7727842be2bd4eaa466ed828477a4820b7dfe97a3580bbf70764b130b927,.jpg
"assets/vendor-media/sok/approved-product-images/SOK Product Images/SK12V100PC,SK12V206PH, SK12V280H/SK12V280/260803 SK12V280H 600x450px/260803-SK12V280H-600x450px-3.jpg",51621,ac445282112609388c8566e04454f8384a8244f2296645f4edc0977d2fc198c5,.jpg
"assets/vendor-media/sok/approved-product-images/SOK Product Images/SK12V100PC,SK12V206PH, SK12V280H/SK12V280/260803 SK12V280H 600x450px/260803-SK12V280H-600x450px-4.jpg",69022,b054813fe46408f3b19cc181aa3b85e3097a863b5aeec56edfb57827e19d19aa,.jpg
"assets/vendor-media/sok/approved-product-images/SOK Product Images/SK12V100PC,SK12V206PH, SK12V280H/SK12V280/260803 SK12V280H 600x450px/260803-SK12V280H-600x450px-5.jpg",55372,6ca7791fff67daaf4436aeb46b99559e86efb2252036429837699ed51e385923,.jpg
"assets/vendor-media/sok/approved-product-images/SOK Product Images/SK12V100PC,SK12V206PH, SK12V280H/SK12V280/260803 SK12V280H 600x450px/260803-SK12V280H-600x450px-6.jpg",69880,c86c065303ff7d6f5ae363d80d1db51659dcfab90898b6970eebd7a05b9ad9c2,.jpg
"assets/vendor-media/sok/approved-product-images/SOK Product Images/SK12V100PC,SK12V206PH, SK12V280H/SK12V280/260803 SK12V280H 600x450px/260803-SK12V280H-600x450px-7.jpg",63451,710e30f17227faedc4408840353236da1d94e4ee322961fd0b3e82179b824950,.jpg
"assets/vendor-media/sok/approved-product-images/SOK Product Images/SK12V100PC,SK12V206PH, SK12V280H/SK12V280/260803 SK12V280H 600x450px/260803-SK12V280H-600x450px-8.jpg",75509,a040f5fea38d90fa7fe70f62dfb484c5995ffab09b86612593461e01e94326fb,.jpg
"assets/vendor-media/sok/approved-product-images/SOK Product Images/SK12V100PC,SK12V206PH, SK12V280H/SK12V280/安装实例/429893757_901091031811154_6382470643681565206_n.jpg",205071,6624f016b420b43596935f9b34650304e0e0b18c848dccedc29814ec92664575,.jpg
"assets/vendor-media/sok/approved-product-images/SOK Product Images/SK12V100PC,SK12V206PH, SK12V280H/SK12V280/安装实例/430055910_901091035144487_7600572435841311739_n.jpg",220404,0a5f2189efc746e11a4bf9ce40b7922424f789bc5b721c9253e09c2dffc6a6b6,.jpg
"assets/vendor-media/sok/approved-product-images/SOK Product Images/SK12V100PC,SK12V206PH, SK12V280H/SK12V280/安装实例/430068334_17880396426032717_8950097342653679598_n.jpg",194087,b497a9d96c2e983a403b197f1400ed33d8e8e5d8dcd3cceecd36ad0cf4513cf2,.jpg
"assets/vendor-media/sok/approved-product-images/SOK Product Images/SK12V100PC,SK12V206PH, SK12V280H/SK12V280/安装实例/434318961_18014390597262822_3110100809020687675_n.jpg",511825,e7bc5a846d24235723d02eb72b6749ef7b88020080cbe35976e8945a19665e7d,.jpg
"assets/vendor-media/sok/approved-product-images/SOK Product Images/SK12V100PC,SK12V206PH, SK12V280H/SK12V280/安装实例/436600207_473633075094956_3714143983191228052_n.jpeg",300214,6109cb6741f6ccaedd4bdddd723bc218aee6bb5d3754dafc864cde3c5beda691,.jpeg
"assets/vendor-media/sok/approved-product-images/SOK Product Images/SK12V100PC,SK12V206PH, SK12V280H/SK12V280/安装实例/448078840_122151369728131344_160692393104238184_n.jpeg",160905,523574679f112553c6ce3024142fbf3b58cc3428a27dae7b0ee015708f416458,.jpeg
"assets/vendor-media/sok/approved-product-images/SOK Product Images/SK12V100PC,SK12V206PH, SK12V280H/SK12V280/素材PNG/0fa809_323ed0fda6764adb92f736eb99fceb27~mv2.png",209319,5b97788ee028b9ab37bd8e7de64f882d03d35c3fa81f065681f98be5810f458f,.png
"assets/vendor-media/sok/approved-product-images/SOK Product Images/SK12V100PC,SK12V206PH, SK12V280H/SK12V280/素材PNG/0fa809_4ae3b5601ca940439d7bfba38b6f4b9c~mv2.png",231258,3a52457897efbc35c374c623f0446dd3a709356fa64b543696a278d4d5741293,.png
"assets/vendor-media/sok/approved-product-images/SOK Product Images/SK12V100PC,SK12V206PH, SK12V280H/SK12V280/素材PNG/微信图片_20240424104115.png",4443237,7e786f7916f7db75e8d15aaeb16ab1b80bba720f6bfa6474d769e5422a39e648,.png
"assets/vendor-media/sok/approved-product-images/SOK Product Images/SK12V100PC,SK12V206PH, SK12V280H/SK12V280/素材PNG/微信图片_20240426160731.png",5415981,2f034238178d5320cdd74315604ef5c1e8a56dc6be29021bc4e3dfb1cf1d4dd8,.png
"assets/vendor-media/sok/approved-product-images/SOK Product Images/SK12V100PC,SK12V206PH, SK12V280H/SK12V280/素材PNG/微信图片_20240626110730.png",2154652,044ea965fb615bc51d547459955cf5651de841e46549f93ac94885a587035ca5,.png
"assets/vendor-media/sok/approved-product-images/SOK Product Images/SK12V100PC,SK12V206PH, SK12V280H/SK12V280/素材PNG/微信图片_20240626142934.png",6976760,4946103e165309fb04a43c063148cf5d889c44e36675d436f9c6736dc7467a09,.png
"assets/vendor-media/sok/approved-product-images/SOK Product Images/SK12V100PC,SK12V206PH, SK12V280H/SK12V280/素材PNG/微信图片_20240626154024.png",6713166,205ac6d6b5b318eefcd8df8f2870e9451374f3a4a2f236afbbd6c96fc593fe6a,.png
"assets/vendor-media/sok/approved-product-images/SOK Product Images/SK12V100PC,SK12V206PH, SK12V280H/SK12V280/素材PNG/微信图片_20240627143525.png",8331937,4e882a221c67ba45596de606e9e450cf8bcf28fdb1b97dd17a0126b72117070c,.png
"assets/vendor-media/sok/approved-product-images/SOK Product Images/SK12V100PC,SK12V206PH, SK12V280H/SK12V280/素材PNG/微信图片_20240627152745.png",1937660,52008ce11a0fad85fe193376ebe294bd9bd9bfa9f8e085163d5eda7f33d3e4bd,.png
"assets/vendor-media/sok/approved-product-images/SOK Product Images/SK12V100PC,SK12V206PH, SK12V280H/SK12V280/素材PNG/微信图片_20240627153646.png",13793353,ed178522fbdf16ce0c695cb8301adc0e19b72e982f92386998f54cb846537303,.png
"assets/vendor-media/sok/approved-product-images/SOK Product Images/SK12V100PC,SK12V206PH, SK12V280H/SK12V280/素材PNG/微信图片_20240712135730.png",9427778,17f7bc2843e6b14cfbaddbd86714f96d7cf1ac84260e00ae44057c5d5aded70b,.png
"assets/vendor-media/sok/approved-product-images/SOK Product Images/SK12V100PC,SK12V206PH, SK12V280H/SK12V280/素材PNG/微信图片_20240806143334.png",7226362,dafe5ebec44524d07b8d284ecee8509cfef0859f025661583957f459fff59070,.png
"assets/vendor-media/sok/approved-product-images/SOK Product Images/SK12V100PC,SK12V206PH, SK12V280H/SK12V280/素材PNG/微信图片_20240904140806.png",9252887,7818d45e759d0cebe35aeaf9559fc426bdbdb9d9683ce38d27965f8d3709e661,.png
"assets/vendor-media/sok/approved-product-images/SOK Product Images/SK12V100PC,SK12V206PH, SK12V280H/SK12V280/素材PNG/微信图片_20240904140816.png",10278619,75151c270c81cd55962195851bed8b8dfe70674e92c789689ea4faf9804e3680,.png
"assets/vendor-media/sok/approved-product-images/SOK Product Images/SK12V100PC,SK12V206PH, SK12V280H/SK12V280/素材PNG/微信图片_20240904173419.png",11965712,133a8325e81392a84c80548be896a7d15215e0c2d4df7b3977b07a0c48ea3f57,.png
"assets/vendor-media/sok/approved-product-images/SOK Product Images/SK12V100PC,SK12V206PH, SK12V280H/SK12V280/素材PNG/微信图片_20240905091630.png",10301324,8bee8539869b6191c75be14eb3c48eee24a42c612b43f7b519b141a42c71f8f4,.png
"assets/vendor-media/sok/approved-product-images/SOK Product Images/SK12V100PC,SK12V206PH, SK12V280H/SK12V280/素材PNG/微信图片_20240905112159.png",18606780,5182c60a5c48fe278d274b389e5431b74d3c319e166b6834bdfcbb50532718ae,.png
"assets/vendor-media/sok/approved-product-images/SOK Product Images/SK12V100PC,SK12V206PH, SK12V280H/SK12V280/素材PNG/微信图片_20240905164209.png",2176630,6911d0c2a5a3f5c2d35cbec6c1d2e52f906fcdfb88b609115fb3e49957094053,.png
"assets/vendor-media/sok/approved-product-images/SOK Product Images/SK12V100PC,SK12V206PH, SK12V280H/SK12V280/素材PNG/微信图片_20240918112139.png",3080512,9b9ef3e5d6a91df8c8ea59f2ddea34ffbb5eeca96d9e0a9d09abae9435c1b377,.png
"assets/vendor-media/sok/approved-product-images/SOK Product Images/SK12V100PC,SK12V206PH, SK12V280H/SK12V280/素材PNG/微信图片_20240918112144.png",2345267,6fc03965daa4e285e9a8b5274f160b8c822a4d710dd0c5d69bd78c06a5f1c403,.png
"assets/vendor-media/sok/approved-product-images/SOK Product Images/SK12V100PC,SK12V206PH, SK12V280H/SK12V280/素材PNG/微信图片_20240918145914.png",2719548,027acf7bc07a30ab9417fde770bfd8055ab1610a9b3cb9035568b952006c4084,.png
"assets/vendor-media/sok/approved-product-images/SOK Product Images/SK12V100PC,SK12V206PH, SK12V280H/SK12V280/素材PNG/微信图片_20240918151447.png",5393538,05898f1f524796d8f92e7b076832580892565de33b78b2fcb8f60a985bcecfc3,.png
"assets/vendor-media/sok/approved-product-images/SOK Product Images/SK12V100PC,SK12V206PH, SK12V280H/SK12V280/素材PNG/微信图片_20240918151544.png",7386495,1c7546d009e3074858950f8d7742fdf0423fc449a06fdfd590e8595ae473601c,.png
"assets/vendor-media/sok/approved-product-images/SOK Product Images/SK12V100PC,SK12V206PH, SK12V280H/SK12V280/素材PNG/微信图片_20240918151547.png",8142991,cd5e524b072336834a3ea6b81c16154adbfa16b8cfdc4f95b4313c71197fd505,.png
"assets/vendor-media/sok/approved-product-images/SOK Product Images/SK12V100PC,SK12V206PH, SK12V280H/SK12V280/素材PNG/微信图片_20240918152557.png",5119673,cb7701e33097b705fabdde355be05a326918a876c3d0fec7f3408913dd19d23e,.png
"assets/vendor-media/sok/approved-product-images/SOK Product Images/SK12V100PC,SK12V206PH, SK12V280H/SK12V280/素材PNG/微信图片_20241220165856.png",5278154,b352cf4b0855fbe24b5a58809dc4b801b8682bed79cd85f568d11d3caed0dcf5,.png
"assets/vendor-media/sok/approved-product-images/SOK Product Images/SK12V100PC,SK12V206PH, SK12V280H/SK12V280/素材PNG/微信图片_20250211152448.png",8601625,88b219cd4c54dcb0042fdd7e3ce8a150319e5ce6a4b5707980fc4527d1770bad,.png
"assets/vendor-media/sok/approved-product-images/SOK Product Images/SK12V100PC,SK12V206PH, SK12V280H/SK12V280/素材PNG/微信图片_20250211161459.png",11766584,94fdedf1bc132b5aa2ab65b55c1e80703ec18fc1009437cc811c33a60369444a,.png
